student_id,semester,course_code,course_title,credits,marks,lg,gp,course_type,is_retake
1,1,CSC101,Applications of Information and Communication Technologies,3,78,B+,3.33,non_prog,0
1,1,CSC102,Discrete Structures,3,63,C,2.0,non_prog,0
1,1,HUM104,Functional English,3,73,B,3.0,non_prog,0
1,1,HUM112,Islamic Studies,2,77,B+,3.33,non_prog,0
1,1,HUM122,Fundamentals of Psychology,2,71,B,3.0,non_prog,0
1,1,PHY124,Applied Physics,3,65,C+,2.33,non_prog,0
1,2,CSC103,Programming Fundamentals,4,57,D+,1.3,prog,0
1,2,EEE240,Fundamentals of Digital Logic Design,3,66,C+,2.33,non_prog,0
1,2,HUM113,Ideology and Constitution of Pakistan,2,67,C+,2.33,non_prog,0
1,2,HUM120,Expository Writing,3,71,B,3.0,non_prog,0
1,2,HUM208,Civics and Community Engagement,2,68,B-,2.66,non_prog,0
1,2,MGT250,Introduction to Entrepreneurship,2,69,B-,2.66,non_prog,0
1,3,CSC210,Professional Practices,2,69,B-,2.66,non_prog,0
1,3,CSC241,Object Oriented Programming,4,57,D+,1.3,prog,0
1,3,CSC270,Database Systems,4,73,B,3.0,non_prog,0
1,3,CSC275,Computer Networks,3,39,F,0.0,non_prog,0
1,3,MTH104,Calculus and Analytic Geometry,3,50,D,1.0,non_prog,0
1,4,CSC210,Professional Practices,2,69,B-,2.66,non_prog,1
1,4,CSC211,Data Structures,4,80,A-,3.66,prog,0
1,4,CSC262,Artificial Intelligence,3,69,B-,2.66,prog,0
1,4,CSC291,Software Engineering,3,54,D+,1.3,prog,0
1,4,CSC323,Operating Systems,3,78,B+,3.33,prog,0
1,4,CSC336,Web Technologies,3,95,A,4.0,prog,0
1,4,HUM208,Civics and Community Engagement,2,37,F,0.0,non_prog,1
1,5,CSC232,Information Security,3,66,C+,2.33,non_prog,0
1,5,CSC312,Theory of Automata,3,50,D,1.0,non_prog,0
1,5,CSC325,Computer Organization and Assembly Language,3,70,B-,2.66,non_prog,0
1,5,CSC412,Advanced Programming,3,81,A-,3.66,prog,0
1,5,CSE305,Software Requirement Engineering,3,76,B+,3.33,non_prog,0
1,5,MTH105,Multivariable Calculus,3,64,C+,2.33,non_prog,0
1,6,CSC275,Computer Networks,3,68,B-,2.66,non_prog,0
1,6,CSC312,Theory of Automata,3,27,F,0.0,non_prog,1
2,1,CSC101,Applications of Information and Communication Technologies,3,72,B,3.0,non_prog,0
2,1,CSC102,Discrete Structures,3,73,B,3.0,non_prog,0
2,1,HUM104,Functional English,3,78,B+,3.33,non_prog,0
2,1,HUM112,Islamic Studies,2,85,A,4.0,non_prog,0
2,1,HUM122,Fundamentals of Psychology,2,77,B+,3.33,non_prog,0
2,1,PHY124,Applied Physics,3,60,C-,1.66,non_prog,0
2,2,CSC103,Programming Fundamentals,4,54,D+,1.3,prog,0
2,2,EEE240,Fundamentals of Digital Logic Design,3,76,B+,3.33,non_prog,0
2,2,HUM113,Ideology and Constitution of Pakistan,2,80,A-,3.66,non_prog,0
2,2,HUM120,Expository Writing,3,64,C+,2.33,non_prog,0
2,2,HUM208,Civics and Community Engagement,2,80,A-,3.66,non_prog,0
2,2,MGT250,Introduction to Entrepreneurship,2,75,B+,3.33,non_prog,0
2,3,CSC210,Professional Practices,2,75,B+,3.33,non_prog,0
2,3,CSC241,Object Oriented Programming,4,63,C,2.0,prog,0
2,3,CSC270,Database Systems,4,84,A-,3.66,non_prog,0
2,3,CSC275,Computer Networks,3,64,C+,2.33,non_prog,0
2,3,MTH104,Calculus and Analytic Geometry,3,62,C,2.0,non_prog,0
2,4,CSC211,Data Structures,4,80,A-,3.66,prog,0
2,4,CSC262,Artificial Intelligence,3,89,A,4.0,prog,0
2,4,CSC291,Software Engineering,3,68,B-,2.66,prog,0
2,4,CSC323,Operating Systems,3,83,A-,3.66,prog,0
2,4,CSC336,Web Technologies,3,0,WD,0.0,prog,0
2,4,HUM120,Expository Writing,3,78,B+,3.33,non_prog,1
2,5,CSC232,Information Security,3,69,B-,2.66,non_prog,0
2,5,CSC312,Theory of Automata,3,50,D,1.0,non_prog,0
2,5,CSC325,Computer Organization and Assembly Language,3,74,B,3.0,non_prog,0
2,5,CSC412,Advanced Programming,3,69,B-,2.66,prog,0
2,5,CSE305,Software Requirement Engineering,3,85,A,4.0,non_prog,0
2,5,MTH105,Multivariable Calculus,3,75,B+,3.33,non_prog,0
3,1,CSC101,Applications of Information and Communication Technologies,3,65,C+,2.33,non_prog,0
3,1,CSC102,Discrete Structures,3,69,B-,2.66,non_prog,0
3,1,HUM104,Functional English,3,70,B-,2.66,non_prog,0
3,1,HUM112,Islamic Studies,2,69,B-,2.66,non_prog,0
3,1,HUM122,Fundamentals of Psychology,2,68,B-,2.66,non_prog,0
3,1,PHY124,Applied Physics,3,64,C+,2.33,non_prog,0
3,2,CSC103,Programming Fundamentals,4,83,A-,3.66,prog,0
3,2,EEE240,Fundamentals of Digital Logic Design,3,88,A,4.0,non_prog,0
3,2,HUM113,Ideology and Constitution of Pakistan,2,63,C,2.0,non_prog,0
3,2,HUM120,Expository Writing,3,0,WD,0.0,non_prog,0
3,2,HUM208,Civics and Community Engagement,2,77,B+,3.33,non_prog,0
3,2,MGT250,Introduction to Entrepreneurship,2,68,B-,2.66,non_prog,0
3,3,CSC210,Professional Practices,2,34,F,0.0,non_prog,0
3,3,CSC241,Object Oriented Programming,4,86,A,4.0,prog,0
3,3,CSC270,Database Systems,4,81,A-,3.66,non_prog,0
3,3,CSC275,Computer Networks,3,54,F,0.0,non_prog,0
3,3,MTH104,Calculus and Analytic Geometry,3,71,B,3.0,non_prog,0
3,4,CSC210,Professional Practices,2,71,B,3.0,non_prog,1
3,4,CSC211,Data Structures,4,87,A,4.0,prog,0
3,4,CSC262,Artificial Intelligence,3,92,A,4.0,prog,0
3,4,CSC291,Software Engineering,3,64,C+,2.33,prog,0
3,4,CSC323,Operating Systems,3,78,B+,3.33,prog,0
3,4,CSC336,Web Technologies,3,0,WD,0.0,prog,0
3,4,HUM120,Expository Writing,3,62,C,2.0,non_prog,1
3,5,CSC232,Information Security,3,70,B-,2.66,non_prog,0
3,5,CSC312,Theory of Automata,3,64,C+,2.33,non_prog,0
3,5,CSC325,Computer Organization and Assembly Language,3,77,B+,3.33,non_prog,0
3,5,CSC412,Advanced Programming,3,71,B,3.0,prog,0
3,5,CSE305,Software Requirement Engineering,3,71,B,3.0,non_prog,0
3,5,MTH105,Multivariable Calculus,3,85,A,4.0,non_prog,0
4,1,CSC101,Applications of Information and Communication Technologies,3,59,C-,1.66,non_prog,0
4,1,CSC102,Discrete Structures,3,60,C-,1.66,non_prog,0
4,1,HUM104,Functional English,3,80,A-,3.66,non_prog,0
4,1,HUM112,Islamic Studies,2,80,A-,3.66,non_prog,0
4,1,HUM122,Fundamentals of Psychology,2,71,B,3.0,non_prog,0
4,1,PHY124,Applied Physics,3,56,D+,1.3,non_prog,0
4,2,CSC103,Programming Fundamentals,4,54,D+,1.3,prog,0
4,2,EEE240,Fundamentals of Digital Logic Design,3,83,A-,3.66,non_prog,0
4,2,HUM113,Ideology and Constitution of Pakistan,2,76,B+,3.33,non_prog,0
4,2,HUM120,Expository Writing,3,59,C-,1.66,non_prog,0
4,2,HUM208,Civics and Community Engagement,2,80,A-,3.66,non_prog,0
4,2,MGT250,Introduction to Entrepreneurship,2,64,C+,2.33,non_prog,0
4,3,CSC210,Professional Practices,2,62,C,2.0,non_prog,0
4,3,CSC241,Object Oriented Programming,4,56,D+,1.3,prog,0
4,3,CSC270,Database Systems,4,70,B-,2.66,non_prog,0
4,3,CSC275,Computer Networks,3,59,F,0.0,non_prog,0
4,3,MTH104,Calculus and Analytic Geometry,3,52,D,1.0,non_prog,0
4,4,CSC211,Data Structures,4,76,B+,3.33,prog,0
4,4,CSC262,Artificial Intelligence,3,76,B+,3.33,prog,0
4,4,CSC291,Software Engineering,3,75,B+,3.33,prog,0
4,4,CSC323,Operating Systems,3,0,WD,0.0,prog,0
4,4,CSC336,Web Technologies,3,75,B+,3.33,prog,0
4,5,CSC232,Information Security,3,74,B,3.0,non_prog,0
4,5,CSC312,Theory of Automata,3,58,C-,1.66,non_prog,0
4,5,CSC325,Computer Organization and Assembly Language,3,75,B+,3.33,non_prog,0
4,5,CSC412,Advanced Programming,3,72,B,3.0,prog,0
4,5,CSE305,Software Requirement Engineering,3,75,B+,3.33,non_prog,0
4,5,MTH105,Multivariable Calculus,3,54,D+,1.3,non_prog,0
4,6,CSC275,Computer Networks,3,71,B,3.0,non_prog,1
4,6,CSC323,Operating Systems,3,85,A,4.0,prog,1
5,1,CSC101,Applications of Information and Communication Technologies,3,72,B,3.0,non_prog,0
5,1,CSC102,Discrete Structures,3,64,C+,2.33,non_prog,0
5,1,HUM104,Functional English,3,75,B+,3.33,non_prog,0
5,1,HUM112,Islamic Studies,2,80,A-,3.66,non_prog,0
5,1,HUM122,Fundamentals of Psychology,2,80,A-,3.66,non_prog,0
5,1,PHY124,Applied Physics,3,65,C+,2.33,non_prog,0
5,2,CSC103,Programming Fundamentals,4,76,B+,3.33,prog,0
5,2,EEE240,Fundamentals of Digital Logic Design,3,87,A,4.0,non_prog,0
5,2,HUM113,Ideology and Constitution of Pakistan,2,80,A-,3.66,non_prog,0
5,2,HUM120,Expository Writing,3,56,D+,1.3,non_prog,0
5,2,HUM208,Civics and Community Engagement,2,82,A-,3.66,non_prog,0
5,2,MGT250,Introduction to Entrepreneurship,2,69,B-,2.66,non_prog,0
5,3,CSC210,Professional Practices,2,78,B+,3.33,non_prog,0
5,3,CSC241,Object Oriented Programming,4,82,A-,3.66,prog,0
5,3,CSC270,Database Systems,4,87,A,4.0,non_prog,0
5,3,CSC275,Computer Networks,3,85,A,4.0,non_prog,0
5,3,MTH104,Calculus and Analytic Geometry,3,73,B,3.0,non_prog,0
5,4,CSC211,Data Structures,4,88,A,4.0,prog,0
5,4,CSC262,Artificial Intelligence,3,91,A,4.0,prog,0
5,4,CSC291,Software Engineering,3,75,B+,3.33,prog,0
5,4,CSC323,Operating Systems,3,85,A,4.0,prog,0
5,4,CSC336,Web Technologies,3,93,A,4.0,prog,0
5,5,CSC232,Information Security,3,77,B+,3.33,non_prog,0
5,5,CSC312,Theory of Automata,3,68,B-,2.66,non_prog,0
5,5,CSC325,Computer Organization and Assembly Language,3,85,A,4.0,non_prog,0
5,5,CSC412,Advanced Programming,3,90,A,4.0,prog,0
5,5,CSE305,Software Requirement Engineering,3,80,A-,3.66,non_prog,0
5,5,MTH105,Multivariable Calculus,3,85,A,4.0,non_prog,0
6,1,CSC101,Applications of Information and Communication Technologies,3,64,C+,2.33,non_prog,0
6,1,CSC102,Discrete Structures,3,52,D,1.0,non_prog,0
6,1,HUM104,Functional English,3,84,A-,3.66,non_prog,0
6,1,HUM112,Islamic Studies,2,70,B-,2.66,non_prog,0
6,1,HUM122,Fundamentals of Psychology,2,80,A-,3.66,non_prog,0
6,1,PHY124,Applied Physics,3,56,D+,1.3,non_prog,0
6,2,CSC103,Programming Fundamentals,4,56,D+,1.3,prog,0
6,2,EEE240,Fundamentals of Digital Logic Design,3,51,D,1.0,non_prog,0
6,2,HUM113,Ideology and Constitution of Pakistan,2,71,B,3.0,non_prog,0
6,2,HUM120,Expository Writing,3,75,B+,3.33,non_prog,0
6,2,HUM208,Civics and Community Engagement,2,75,B+,3.33,non_prog,0
6,2,MGT250,Introduction to Entrepreneurship,2,71,B,3.0,non_prog,0
6,3,CSC210,Professional Practices,2,59,C-,1.66,non_prog,0
6,3,CSC241,Object Oriented Programming,4,10,F,0.0,prog,0
6,3,CSC270,Database Systems,4,72,B,3.0,non_prog,0
6,3,CSC275,Computer Networks,3,83,A-,3.66,non_prog,0
6,3,MTH104,Calculus and Analytic Geometry,3,50,D,1.0,non_prog,0
6,4,CSC211,Data Structures,4,56,D+,1.3,prog,0
6,4,CSC241,Object Oriented Programming,4,50,D,1.0,prog,1
6,4,CSC262,Artificial Intelligence,3,68,B-,2.66,prog,0
6,4,CSC291,Software Engineering,3,62,C,2.0,prog,0
6,4,CSC323,Operating Systems,3,32,F,0.0,prog,0
6,4,MTH104,Calculus and Analytic Geometry,3,54,D+,1.3,non_prog,1
6,5,CSC232,Information Security,3,61,C,2.0,non_prog,0
6,5,CSC312,Theory of Automata,3,50,D,1.0,non_prog,0
6,5,CSC323,Operating Systems,3,64,C+,2.33,prog,1
6,5,CSC325,Computer Organization and Assembly Language,3,70,B-,2.66,non_prog,0
6,5,CSC412,Advanced Programming,3,76,B+,3.33,prog,0
6,5,MTH105,Multivariable Calculus,3,50,D,1.0,non_prog,0
