feature,group
DRS050249,abundance
DRS050250,abundance
DRS050251,abundance
DRS050252,abundance
DRS050253,abundance
DRS050254,abundance
DRS050255,abundance
DRS050256,abundance
DRS050257,abundance
DRS050258,abundance
DRS050259,abundance
DRS050260,abundance
DRS050261,abundance
DRS050262,abundance
DRS050263,abundance
DRS050264,abundance
DRS050265,abundance
DRS050266,abundance
DRS050267,abundance
DRS050268,abundance
DRS050269,abundance
DRS050271,abundance
DRS050272,abundance
DRS050273,abundance
DRS050274,abundance
DRS050275,abundance
DRS050276,abundance
DRS050277,abundance
DRS050278,abundance
DRS050279,abundance
DRS050283,abundance
DRS050284,abundance
DRS050285,abundance
DRS050286,abundance
DRS050287,abundance
DRS050288,abundance
DRS050289,abundance
DRS050291,abundance
DRS050292,abundance
DRS050293,abundance
DRS050294,abundance
DRS050295,abundance
DRS050296,abundance
DRS050297,abundance
DRS050298,abundance
DRS050300,abundance
DRS050301,abundance
DRS050302,abundance
DRS050303,abundance
DRS050304,abundance
DRS050305,abundance
DRS050306,abundance
DRS050307,abundance
DRS050308,abundance
DRS050309,abundance
DRS050311,abundance
DRS050312,abundance
DRS050313,abundance
DRS050314,abundance
DRS050315,abundance
DRS050316,abundance
DRS050317,abundance
DRS050318,abundance
DRS050319,abundance
DRS050320,abundance
DRS050321,abundance
DRS050322,abundance
DRS050323,abundance
DRS050324,abundance
DRS050325,abundance
DRS050326,abundance
DRS050327,abundance
DRS050328,abundance
DRS050329,abundance
DRS050330,abundance
DRS050331,abundance
SRS2126362,abundance
SRS2126363,abundance
SRS2126364,abundance
SRS2126365,abundance
SRS2126366,abundance
SRS2126367,abundance
SRS2126368,abundance
SRS2126369,abundance
SRS2126370,abundance
SRS2126371,abundance
SRS2126372,abundance
SRS2126373,abundance
SRS2126374,abundance
SRS2126375,abundance
SRS2126376,abundance
SRS2126377,abundance
SRS2126378,abundance
SRS2126379,abundance
SRS2126380,abundance
SRS2126381,abundance
SRS2126382,abundance
SRS2126383,abundance
SRS2126384,abundance
SRS2126385,abundance
SRS2126386,abundance
SRS2126387,abundance
SRS2126388,abundance
SRS2126389,abundance
SRS2126390,abundance
SRS2126391,abundance
SRS2126392,abundance
SRS2126393,abundance
SRS2126394,abundance
SRS2126395,abundance
SRS2126396,abundance
SRS2126397,abundance
SRS2126398,abundance
SRS2126399,abundance
SRS2126400,abundance
SRS2126401,abundance
SRS2126402,abundance
SRS2126403,abundance
SRS2126404,abundance
SRS2126405,abundance
SRS2126406,abundance
SRS2126407,abundance
SRS2126408,abundance
SRS2126409,abundance
SRS2126410,abundance
SRS2126411,abundance
SRS2126412,abundance
SRS2126413,abundance
SRS2126414,abundance
SRS2126415,abundance
SRS3095308,abundance
SRS3095309,abundance
SRS3095310,abundance
SRS3095311,abundance
SRS3095312,abundance
SRS3095313,abundance
SRS3095314,abundance
SRS3095315,abundance
SRS3095316,abundance
SRS3095317,abundance
SRS3095318,abundance
SRS3095319,abundance
SRS3095320,abundance
SRS3095321,abundance
SRS3095322,abundance
SRS3095323,abundance
SRS3095324,abundance
SRS3095325,abundance
SRS3095326,abundance
SRS3095327,abundance
SRS3095328,abundance
SRS3095329,abundance
SRS3095330,abundance
SRS3095331,abundance
SRS3095332,abundance
SRS3095333,abundance
SRS523152,abundance
SRS526724,abundance
SRS526730,abundance
SRS526732,abundance
SRS6710126,abundance
SRS6710127,abundance
SRS6710128,abundance
SRS6710129,abundance
SRS6710130,abundance
SRS6710131,abundance
SRS6710132,abundance
SRS6710133,abundance
SRS6710134,abundance
SRS6710135,abundance
SRS6710136,abundance
SRS6710137,abundance
SRS6710138,abundance
SRS6710139,abundance
SRS6710140,abundance
SRS6710141,abundance
SRS6710142,abundance
SRS6710143,abundance
SRS6710144,abundance
SRS6710145,abundance
SRS6710146,abundance
SRS6710147,abundance
SRS6710148,abundance
SRS6710149,abundance
SRS6710150,abundance
SRS6710151,abundance
SRS6710152,abundance
SRS6710153,abundance
SRS6710154,abundance
SRS6710155,abundance
SRS6710156,abundance
SRS6710157,abundance
SRS6710158,abundance
SRS6710159,abundance
SRS6710160,abundance
SRS6710161,abundance
SRS6710162,abundance
SRS6710163,abundance
SRS6710164,abundance
SRS6710165,abundance
SRS6710166,abundance
SRS6710167,abundance
SRS6710168,abundance
SRS6710169,abundance
SRS6710170,abundance
SRS6710171,abundance
SRS6710172,abundance
SRS6710173,abundance
SRS6710174,abundance
SRS6710175,abundance
SRS6710176,abundance
SRS6710177,abundance
SRS6710178,abundance
SRS6710179,abundance
SRS6710180,abundance
SRS6710181,abundance
SRS6710182,abundance
SRS6710183,abundance
SRS6710184,abundance
SRS6710185,abundance
SRS6710186,abundance
SRS6710187,abundance
SRS6710188,abundance
SRS6710189,abundance
SRS6710190,abundance
SRS6710191,abundance
SRS6710192,abundance
SRS6710193,abundance
SRS6710194,abundance
SRS6710195,abundance
SRS6710196,abundance
SRS6710197,abundance
SRS6710198,abundance
SRS6710199,abundance
SRS6710200,abundance
SRS6710201,abundance
SRS6710202,abundance
SRS6710203,abundance
SRS6710204,abundance
SRS6710205,abundance
SRS6710206,abundance
SRS6710207,abundance
SRS6710208,abundance
SRS6710209,abundance
SRS6710210,abundance
SRS6710211,abundance
SRS6710212,abundance
SRS6710213,abundance
phylum_Bacteroidetes,phylum
phylum_Firmicutes,phylum
phylum_Nitrospirae,phylum
phylum_Proteobacteria,phylum
phylum_unclassified_phylum,phylum
genus_prevalence,prevalence
genus_mean_relative_abundance,prevalence
