mean_fit_time,std_fit_time,mean_score_time,std_score_time,param_model__alpha,param_model__early_stopping,param_model__hidden_layer_sizes,param_model__learning_rate_init,params,split0_test_score,split1_test_score,split2_test_score,split3_test_score,split4_test_score,mean_test_score,std_test_score,rank_test_score,split0_train_score,split1_train_score,split2_train_score,split3_train_score,split4_train_score,mean_train_score,std_train_score
2.466908168792725,1.3714520924732136,0.004967689514160156,0.0033330986837388347,0.0001,True,"(32,)",0.001,"{'model__alpha': 0.0001, 'model__early_stopping': True, 'model__hidden_layer_sizes': (32,), 'model__learning_rate_init': 0.001}",1.0,0.8823529411764706,0.5882352941176471,0.90625,1.0,0.8753676470588235,0.15133667695700057,28,1.0,0.9761904761904762,0.9956709956709957,1.0,1.0,0.9943722943722945,0.009244223594832316
0.464369535446167,0.352854555018297,0.004974222183227539,0.00297520801318373,0.0001,True,"(32,)",0.01,"{'model__alpha': 0.0001, 'model__early_stopping': True, 'model__hidden_layer_sizes': (32,), 'model__learning_rate_init': 0.01}",1.0,0.9411764705882353,0.5294117647058824,0.875,1.0,0.8691176470588236,0.17600428588679035,31,1.0,0.9848484848484849,0.9956709956709957,1.0,1.0,0.996103896103896,0.005872147171537023
1.7124699592590331,1.4218718580107617,0.003602457046508789,0.0008231171450070854,0.0001,True,"(64, 32)",0.001,"{'model__alpha': 0.0001, 'model__early_stopping': True, 'model__hidden_layer_sizes': (64, 32), 'model__learning_rate_init': 0.001}",1.0,0.8823529411764706,0.5882352941176471,0.90625,0.9375,0.8628676470588236,0.14287050419473618,33,1.0,0.9653679653679653,0.9956709956709957,1.0,1.0,0.9922077922077921,0.013524241863041847
0.1778491497039795,0.009839650055459618,0.002941465377807617,0.00154316539495462,0.0001,True,"(64, 32)",0.01,"{'model__alpha': 0.0001, 'model__early_stopping': True, 'model__hidden_layer_sizes': (64, 32), 'model__learning_rate_init': 0.01}",1.0,0.8823529411764706,0.47058823529411764,0.8125,0.90625,0.8143382352941178,0.18205027063441098,56,1.0,0.9978354978354979,0.9935064935064936,1.0,1.0,0.9982683982683984,0.0025242215995001094
0.9905962944030762,0.6466065089842099,0.005298423767089844,0.002133341380008465,0.0001,True,"(128, 64)",0.001,"{'model__alpha': 0.0001, 'model__early_stopping': True, 'model__hidden_layer_sizes': (128, 64), 'model__learning_rate_init': 0.001}",1.0,0.8823529411764706,0.5882352941176471,0.8125,1.0,0.8566176470588236,0.1521543675255279,38,1.0,0.9675324675324675,0.9913419913419914,1.0,1.0,0.9917748917748919,0.012576484022799981
0.15480599403381348,0.02789296666064951,0.004184722900390625,0.0004147116117902551,0.0001,True,"(128, 64)",0.01,"{'model__alpha': 0.0001, 'model__early_stopping': True, 'model__hidden_layer_sizes': (128, 64), 'model__learning_rate_init': 0.01}",1.0,0.8235294117647058,0.5294117647058824,0.65625,1.0,0.8018382352941178,0.1867719428889656,60,1.0,0.5649350649350648,0.9848484848484849,1.0,1.0,0.90995670995671,0.17261059974714332
0.8562881946563721,0.4363509779271908,0.005246400833129883,0.001987900342492034,0.0001,True,"(64, 32, 16)",0.001,"{'model__alpha': 0.0001, 'model__early_stopping': True, 'model__hidden_layer_sizes': (64, 32, 16), 'model__learning_rate_init': 0.001}",1.0,0.8823529411764706,0.5294117647058824,0.84375,0.96875,0.8448529411764707,0.16753011271953488,45,1.0,0.803030303030303,0.9826839826839826,1.0,1.0,0.9571428571428571,0.07734756946489672
0.20908894538879394,0.039682267726931814,0.003500223159790039,0.0006505347813553637,0.0001,True,"(64, 32, 16)",0.01,"{'model__alpha': 0.0001, 'model__early_stopping': True, 'model__hidden_layer_sizes': (64, 32, 16), 'model__learning_rate_init': 0.01}",1.0,0.8823529411764706,0.5294117647058824,0.75,0.875,0.8073529411764706,0.15990914375374338,59,1.0,0.7034632034632035,0.9805194805194805,1.0,1.0,0.9367965367965368,0.11691037039970296
0.6905369281768798,0.5751264434797906,0.004691600799560547,0.0031634054048773697,0.0001,True,"(256, 128)",0.001,"{'model__alpha': 0.0001, 'model__early_stopping': True, 'model__hidden_layer_sizes': (256, 128), 'model__learning_rate_init': 0.001}",1.0,0.8823529411764706,0.5294117647058824,0.8125,1.0,0.8448529411764707,0.17326125841578105,45,1.0,0.9891774891774893,0.9718614718614719,1.0,1.0,0.9922077922077921,0.011002826863323658
0.15119047164916993,0.01822643677655526,0.00529932975769043,0.002214126515563475,0.0001,True,"(256, 128)",0.01,"{'model__alpha': 0.0001, 'model__early_stopping': True, 'model__hidden_layer_sizes': (256, 128), 'model__learning_rate_init': 0.01}",1.0,0.8823529411764706,0.5882352941176471,0.625,1.0,0.8191176470588235,0.1791222350421778,54,1.0,0.9870129870129871,0.9935064935064936,1.0,1.0,0.9961038961038963,0.005194805194805152
2.038852071762085,0.21596404318527745,0.0033460617065429687,0.0010661878886761625,0.0001,False,"(32,)",0.001,"{'model__alpha': 0.0001, 'model__early_stopping': False, 'model__hidden_layer_sizes': (32,), 'model__learning_rate_init': 0.001}",1.0,1.0,0.5882352941176471,0.90625,1.0,0.8988970588235293,0.15951815692122087,16,1.0,1.0,1.0,1.0,1.0,1.0,0.0
0.6537062168121338,0.1260068302653233,0.002858543395996094,0.0017163691783539158,0.0001,False,"(32,)",0.01,"{'model__alpha': 0.0001, 'model__early_stopping': False, 'model__hidden_layer_sizes': (32,), 'model__learning_rate_init': 0.01}",1.0,1.0,0.7058823529411764,0.90625,0.96875,0.9161764705882354,0.11057928820189954,6,1.0,1.0,1.0,1.0,1.0,1.0,0.0
1.5525657653808593,0.0985498012404039,0.006909894943237305,0.003859274095570636,0.0001,False,"(64, 32)",0.001,"{'model__alpha': 0.0001, 'model__early_stopping': False, 'model__hidden_layer_sizes': (64, 32), 'model__learning_rate_init': 0.001}",1.0,1.0,0.6470588235294117,0.875,0.9375,0.8919117647058823,0.13090713578981114,21,1.0,1.0,1.0,1.0,1.0,1.0,0.0
0.2785797595977783,0.0172312517769504,0.0036968708038330076,0.003746552612146569,0.0001,False,"(64, 32)",0.01,"{'model__alpha': 0.0001, 'model__early_stopping': False, 'model__hidden_layer_sizes': (64, 32), 'model__learning_rate_init': 0.01}",1.0,0.9411764705882353,0.7058823529411764,0.75,1.0,0.8794117647058822,0.12629947384461113,24,1.0,1.0,1.0,1.0,1.0,1.0,0.0
0.9768000602722168,0.05335977347312023,0.004926919937133789,0.0009704381506410987,0.0001,False,"(128, 64)",0.001,"{'model__alpha': 0.0001, 'model__early_stopping': False, 'model__hidden_layer_sizes': (128, 64), 'model__learning_rate_init': 0.001}",1.0,1.0,0.7058823529411764,0.8125,1.0,0.9036764705882353,0.12269501108009502,14,1.0,1.0,1.0,1.0,1.0,1.0,0.0
0.24426612854003907,0.037735251826707394,0.004696369171142578,0.0037292852648391495,0.0001,False,"(128, 64)",0.01,"{'model__alpha': 0.0001, 'model__early_stopping': False, 'model__hidden_layer_sizes': (128, 64), 'model__learning_rate_init': 0.01}",1.0,1.0,0.5882352941176471,0.65625,1.0,0.8488970588235294,0.18630820773625673,44,1.0,1.0,1.0,1.0,1.0,1.0,0.0
1.278132152557373,0.08273289323639132,0.0042416095733642575,0.00038946112687797375,0.0001,False,"(64, 32, 16)",0.001,"{'model__alpha': 0.0001, 'model__early_stopping': False, 'model__hidden_layer_sizes': (64, 32, 16), 'model__learning_rate_init': 0.001}",1.0,1.0,0.7647058823529411,0.8125,1.0,0.9154411764705882,0.10466001969798876,8,1.0,1.0,1.0,1.0,1.0,1.0,0.0
0.34345521926879885,0.08148226874481591,0.005779933929443359,0.005680383961918031,0.0001,False,"(64, 32, 16)",0.01,"{'model__alpha': 0.0001, 'model__early_stopping': False, 'model__hidden_layer_sizes': (64, 32, 16), 'model__learning_rate_init': 0.01}",1.0,0.9411764705882353,0.8235294117647058,0.65625,0.9375,0.8716911764705882,0.12194803618513816,30,1.0,1.0,1.0,1.0,1.0,1.0,0.0
0.8033051013946533,0.02687727672675504,0.0045832633972167965,0.0032498967317585634,0.0001,False,"(256, 128)",0.001,"{'model__alpha': 0.0001, 'model__early_stopping': False, 'model__hidden_layer_sizes': (256, 128), 'model__learning_rate_init': 0.001}",1.0,1.0,0.6470588235294117,0.71875,1.0,0.8731617647058822,0.15699002954698313,29,1.0,1.0,1.0,1.0,1.0,1.0,0.0
0.23853392601013185,0.02289448969733287,0.004254484176635742,0.0028115155629421314,0.0001,False,"(256, 128)",0.01,"{'model__alpha': 0.0001, 'model__early_stopping': False, 'model__hidden_layer_sizes': (256, 128), 'model__learning_rate_init': 0.01}",1.0,1.0,0.7058823529411764,0.75,1.0,0.8911764705882353,0.1340092441164061,22,1.0,1.0,1.0,1.0,1.0,1.0,0.0
2.564031219482422,2.182792917367191,0.002089834213256836,0.0017865804591000853,0.001,True,"(32,)",0.001,"{'model__alpha': 0.001, 'model__early_stopping': True, 'model__hidden_layer_sizes': (32,), 'model__learning_rate_init': 0.001}",1.0,0.8823529411764706,0.5294117647058824,0.90625,1.0,0.8636029411764706,0.1738173707478698,32,1.0,0.9696969696969697,0.9826839826839827,1.0,1.0,0.9904761904761905,0.012366109832974618
0.21190543174743653,0.03958119135993141,0.005836582183837891,0.0032383683867413856,0.001,True,"(32,)",0.01,"{'model__alpha': 0.001, 'model__early_stopping': True, 'model__hidden_layer_sizes': (32,), 'model__learning_rate_init': 0.01}",1.0,0.9411764705882353,0.47058823529411764,0.875,1.0,0.8573529411764707,0.19880699548377867,35,1.0,0.9848484848484849,0.9805194805194806,1.0,1.0,0.9930735930735931,0.008592828242977996
0.9717255115509034,0.6584850008118375,0.004088211059570313,0.002792659863597548,0.001,True,"(64, 32)",0.001,"{'model__alpha': 0.001, 'model__early_stopping': True, 'model__hidden_layer_sizes': (64, 32), 'model__learning_rate_init': 0.001}",1.0,0.8823529411764706,0.5882352941176471,0.875,0.9375,0.8566176470588236,0.14151307910258126,38,1.0,0.9653679653679653,0.9956709956709957,1.0,1.0,0.9922077922077921,0.013524241863041847
0.16704421043395995,0.012952902382505313,0.004120397567749024,0.00022129690405900157,0.001,True,"(64, 32)",0.01,"{'model__alpha': 0.001, 'model__early_stopping': True, 'model__hidden_layer_sizes': (64, 32), 'model__learning_rate_init': 0.01}",1.0,0.8823529411764706,0.47058823529411764,0.8125,0.90625,0.8143382352941178,0.18205027063441098,56,1.0,0.9978354978354979,0.9913419913419914,1.0,1.0,0.9978354978354979,0.0033532323343786886
0.5357681751251221,0.25934193815312867,0.002798604965209961,0.0015986926834321354,0.001,True,"(128, 64)",0.001,"{'model__alpha': 0.001, 'model__early_stopping': True, 'model__hidden_layer_sizes': (128, 64), 'model__learning_rate_init': 0.001}",1.0,0.8823529411764706,0.5882352941176471,0.78125,1.0,0.8503676470588235,0.1544625266701562,43,1.0,0.9502164502164502,0.9913419913419914,1.0,1.0,0.9883116883116884,0.019340526323539997
0.17903995513916016,0.043663268739390484,0.00263824462890625,0.001368752425372021,0.001,True,"(128, 64)",0.01,"{'model__alpha': 0.001, 'model__early_stopping': True, 'model__hidden_layer_sizes': (128, 64), 'model__learning_rate_init': 0.01}",1.0,0.9411764705882353,0.47058823529411764,0.6875,1.0,0.8198529411764707,0.20934586702756397,53,1.0,1.0,0.9848484848484849,1.0,1.0,0.9969696969696968,0.006060606060606055
0.6103367328643798,0.2374175046671518,0.0036019802093505858,0.0062328841752946375,0.001,True,"(64, 32, 16)",0.001,"{'model__alpha': 0.001, 'model__early_stopping': True, 'model__hidden_layer_sizes': (64, 32, 16), 'model__learning_rate_init': 0.001}",1.0,0.8823529411764706,0.5294117647058824,0.84375,0.96875,0.8448529411764707,0.16753011271953488,45,1.0,0.803030303030303,0.9805194805194806,1.0,1.0,0.9567099567099568,0.0772093425995793
0.21591944694519044,0.04439986821553289,0.006996440887451172,0.008626820398796472,0.001,True,"(64, 32, 16)",0.01,"{'model__alpha': 0.001, 'model__early_stopping': True, 'model__hidden_layer_sizes': (64, 32, 16), 'model__learning_rate_init': 0.01}",1.0,0.9411764705882353,0.5294117647058824,0.75,0.9375,0.8316176470588236,0.17294892939804743,52,1.0,1.0,0.9783549783549783,1.0,1.0,0.9956709956709957,0.008658008658008675
0.32283725738525393,0.09321372299864034,0.0014104366302490235,0.0017546131911646277,0.001,True,"(256, 128)",0.001,"{'model__alpha': 0.001, 'model__early_stopping': True, 'model__hidden_layer_sizes': (256, 128), 'model__learning_rate_init': 0.001}",1.0,0.8823529411764706,0.5294117647058824,0.75,1.0,0.8323529411764706,0.17735074625507452,50,1.0,0.9935064935064936,0.9718614718614719,1.0,1.0,0.9930735930735931,0.010900154382696248
0.13935046195983886,0.004621031735287195,0.0038218021392822264,0.0005750718282487054,0.001,True,"(256, 128)",0.01,"{'model__alpha': 0.001, 'model__early_stopping': True, 'model__hidden_layer_sizes': (256, 128), 'model__learning_rate_init': 0.01}",1.0,0.9411764705882353,0.5294117647058824,0.625,1.0,0.8191176470588235,0.20097082712772366,54,1.0,0.9956709956709957,0.9935064935064936,1.0,1.0,0.9978354978354979,0.002737902736076496
1.7587071418762208,0.13445256906547207,0.0038453102111816405,0.002260226954812311,0.001,False,"(32,)",0.001,"{'model__alpha': 0.001, 'model__early_stopping': False, 'model__hidden_layer_sizes': (32,), 'model__learning_rate_init': 0.001}",1.0,1.0,0.5882352941176471,0.90625,1.0,0.8988970588235293,0.15951815692122087,16,1.0,1.0,1.0,1.0,1.0,1.0,0.0
0.33922734260559084,0.04161364432814172,0.007303857803344726,0.00546800912262064,0.001,False,"(32,)",0.01,"{'model__alpha': 0.001, 'model__early_stopping': False, 'model__hidden_layer_sizes': (32,), 'model__learning_rate_init': 0.01}",1.0,1.0,0.6470588235294117,0.90625,0.96875,0.9044117647058822,0.13315220269693248,12,1.0,1.0,1.0,1.0,1.0,1.0,0.0
1.1725506782531738,0.12419220418887489,0.0059963703155517575,0.00208600390566613,0.001,False,"(64, 32)",0.001,"{'model__alpha': 0.001, 'model__early_stopping': False, 'model__hidden_layer_sizes': (64, 32), 'model__learning_rate_init': 0.001}",1.0,1.0,0.6470588235294117,0.875,0.96875,0.8981617647058823,0.13365171582089216,18,1.0,1.0,1.0,1.0,1.0,1.0,0.0
0.27159595489501953,0.013994922972053061,0.0062465667724609375,0.0051250802812845084,0.001,False,"(64, 32)",0.01,"{'model__alpha': 0.001, 'model__early_stopping': False, 'model__hidden_layer_sizes': (64, 32), 'model__learning_rate_init': 0.01}",1.0,1.0,0.6470588235294117,0.75,1.0,0.8794117647058822,0.1512348250844993,24,1.0,1.0,1.0,1.0,1.0,1.0,0.0
0.901686716079712,0.056552378521807986,0.005970478057861328,0.0036789974306055094,0.001,False,"(128, 64)",0.001,"{'model__alpha': 0.001, 'model__early_stopping': False, 'model__hidden_layer_sizes': (128, 64), 'model__learning_rate_init': 0.001}",1.0,1.0,0.7058823529411764,0.8125,1.0,0.9036764705882353,0.12269501108009502,14,1.0,1.0,1.0,1.0,1.0,1.0,0.0
0.24451751708984376,0.022097026027189322,0.006754350662231445,0.004616887160193523,0.001,False,"(128, 64)",0.01,"{'model__alpha': 0.001, 'model__early_stopping': False, 'model__hidden_layer_sizes': (128, 64), 'model__learning_rate_init': 0.01}",1.0,1.0,0.5882352941176471,0.6875,1.0,0.8551470588235294,0.18016356467000222,41,1.0,1.0,1.0,1.0,1.0,1.0,0.0
1.135775089263916,0.11241894645507511,0.003800058364868164,0.0003982332183334386,0.001,False,"(64, 32, 16)",0.001,"{'model__alpha': 0.001, 'model__early_stopping': False, 'model__hidden_layer_sizes': (64, 32, 16), 'model__learning_rate_init': 0.001}",1.0,1.0,0.7058823529411764,0.84375,1.0,0.9099264705882353,0.11861960150663002,10,1.0,1.0,1.0,1.0,1.0,1.0,0.0
0.37726449966430664,0.06638470820889472,0.008549165725708009,0.009024810106738758,0.001,False,"(64, 32, 16)",0.01,"{'model__alpha': 0.001, 'model__early_stopping': False, 'model__hidden_layer_sizes': (64, 32, 16), 'model__learning_rate_init': 0.01}",1.0,1.0,0.8823529411764706,0.75,1.0,0.9264705882352942,0.09930554715373019,3,1.0,1.0,1.0,1.0,1.0,1.0,0.0
0.7058010578155518,0.09229890705921089,0.004626798629760742,0.004501898419607883,0.001,False,"(256, 128)",0.001,"{'model__alpha': 0.001, 'model__early_stopping': False, 'model__hidden_layer_sizes': (256, 128), 'model__learning_rate_init': 0.001}",1.0,1.0,0.7058823529411764,0.75,1.0,0.8911764705882353,0.1340092441164061,22,1.0,1.0,1.0,1.0,1.0,1.0,0.0
0.22049951553344727,0.014660755953297853,0.009443330764770507,0.003272801489969048,0.001,False,"(256, 128)",0.01,"{'model__alpha': 0.001, 'model__early_stopping': False, 'model__hidden_layer_sizes': (256, 128), 'model__learning_rate_init': 0.01}",1.0,1.0,0.7058823529411764,0.78125,1.0,0.8974264705882353,0.12786720309093175,19,1.0,1.0,1.0,1.0,1.0,1.0,0.0
1.74219651222229,1.4780856768523714,0.006231260299682617,0.004281761314244609,0.01,True,"(32,)",0.001,"{'model__alpha': 0.01, 'model__early_stopping': True, 'model__hidden_layer_sizes': (32,), 'model__learning_rate_init': 0.001}",1.0,0.8823529411764706,0.47058823529411764,0.90625,1.0,0.8518382352941177,0.19654371877779117,42,1.0,0.9155844155844155,0.961038961038961,0.9950248756218906,1.0,0.9743296504490534,0.032783749271207564
0.1609114646911621,0.03102585222044026,0.003291463851928711,0.00165506363695361,0.01,True,"(32,)",0.01,"{'model__alpha': 0.01, 'model__early_stopping': True, 'model__hidden_layer_sizes': (32,), 'model__learning_rate_init': 0.01}",1.0,0.8823529411764706,0.47058823529411764,0.9375,1.0,0.8580882352941177,0.1986600877122201,34,1.0,0.8939393939393939,0.9329004329004329,1.0,1.0,0.9653679653679653,0.044168574686353976
0.934281873703003,0.8966229169097336,0.0027112483978271483,0.0016642133573581133,0.01,True,"(64, 32)",0.001,"{'model__alpha': 0.01, 'model__early_stopping': True, 'model__hidden_layer_sizes': (64, 32), 'model__learning_rate_init': 0.001}",1.0,0.9411764705882353,0.5294117647058824,0.875,0.9375,0.8566176470588236,0.16831651679793527,38,1.0,0.8831168831168832,0.9675324675324675,0.9950248756218906,1.0,0.9691348452542481,0.0446704973153966
0.17725977897644044,0.030255169902151994,0.00417943000793457,0.0003855656551116617,0.01,True,"(64, 32)",0.01,"{'model__alpha': 0.01, 'model__early_stopping': True, 'model__hidden_layer_sizes': (64, 32), 'model__learning_rate_init': 0.01}",1.0,0.9411764705882353,0.47058823529411764,0.90625,0.96875,0.8573529411764707,0.19583755118282908,35,1.0,0.9848484848484849,0.987012987012987,1.0,1.0,0.9943722943722942,0.006926406926406924
0.6019357681274414,0.6087267043089627,0.002202939987182617,0.0016030490798102743,0.01,True,"(128, 64)",0.001,"{'model__alpha': 0.01, 'model__early_stopping': True, 'model__hidden_layer_sizes': (128, 64), 'model__learning_rate_init': 0.001}",1.0,0.8823529411764706,0.5294117647058824,0.78125,1.0,0.8386029411764706,0.17487173994824307,48,1.0,0.8896103896103896,0.9805194805194806,1.0,1.0,0.974025974025974,0.04287681563433552
0.14980077743530273,0.023447714749893062,0.0038837909698486326,0.000553321217882084,0.01,True,"(128, 64)",0.01,"{'model__alpha': 0.01, 'model__early_stopping': True, 'model__hidden_layer_sizes': (128, 64), 'model__learning_rate_init': 0.01}",1.0,0.9411764705882353,0.47058823529411764,0.875,1.0,0.8573529411764707,0.19880699548377867,35,1.0,0.9891774891774893,0.9545454545454545,1.0,1.0,0.9887445887445889,0.017605800352954795
0.41274590492248536,0.08901081525541178,0.003514385223388672,0.0006491519917477363,0.01,True,"(64, 32, 16)",0.001,"{'model__alpha': 0.01, 'model__early_stopping': True, 'model__hidden_layer_sizes': (64, 32, 16), 'model__learning_rate_init': 0.001}",1.0,0.8823529411764706,0.5294117647058824,0.8125,0.96875,0.8386029411764706,0.16803682760789657,48,1.0,0.8203463203463203,0.9502164502164502,0.9825870646766169,1.0,0.9506299670478775,0.06763143646303273
0.18022332191467286,0.01963552239686062,0.0031213283538818358,0.001068468837875164,0.01,True,"(64, 32, 16)",0.01,"{'model__alpha': 0.01, 'model__early_stopping': True, 'model__hidden_layer_sizes': (64, 32, 16), 'model__learning_rate_init': 0.01}",1.0,0.8823529411764706,0.5294117647058824,0.84375,0.90625,0.8323529411764706,0.15998097448519255,50,1.0,0.7142857142857143,0.9826839826839826,1.0,1.0,0.9393939393939394,0.11275373573056072
0.25306010246276855,0.030042558326320613,0.0030013084411621093,0.0015499746965559925,0.01,True,"(256, 128)",0.001,"{'model__alpha': 0.01, 'model__early_stopping': True, 'model__hidden_layer_sizes': (256, 128), 'model__learning_rate_init': 0.001}",1.0,0.8823529411764706,0.5294117647058824,0.65625,1.0,0.8136029411764707,0.18959897808624782,58,1.0,0.9718614718614718,0.9523809523809524,1.0,1.0,0.9848484848484848,0.019552536434002097
0.14944090843200683,0.017990271356880944,0.0034180164337158205,0.0012096555778673235,0.01,True,"(256, 128)",0.01,"{'model__alpha': 0.01, 'model__early_stopping': True, 'model__hidden_layer_sizes': (256, 128), 'model__learning_rate_init': 0.01}",1.0,0.8823529411764706,0.5294117647058824,0.96875,1.0,0.8761029411764707,0.17861594230160602,27,1.0,0.9761904761904762,0.9891774891774892,1.0,1.0,0.9930735930735931,0.009424909548518297
1.4932739734649658,0.25425053524641267,0.004578351974487305,0.0011562109128730002,0.01,False,"(32,)",0.001,"{'model__alpha': 0.01, 'model__early_stopping': False, 'model__hidden_layer_sizes': (32,), 'model__learning_rate_init': 0.001}",1.0,1.0,0.5882352941176471,0.96875,1.0,0.9113970588235294,0.16203353331009918,9,1.0,1.0,1.0,1.0,1.0,1.0,0.0
0.2959436893463135,0.12924525645827764,0.004851436614990235,0.0013182355739963163,0.01,False,"(32,)",0.01,"{'model__alpha': 0.01, 'model__early_stopping': False, 'model__hidden_layer_sizes': (32,), 'model__learning_rate_init': 0.01}",1.0,1.0,0.5294117647058824,0.9375,1.0,0.8933823529411764,0.18358808451282047,20,1.0,1.0,1.0,1.0,1.0,1.0,0.0
1.047426176071167,0.20083469715537616,0.0038713455200195313,0.002617110982322233,0.01,False,"(64, 32)",0.001,"{'model__alpha': 0.01, 'model__early_stopping': False, 'model__hidden_layer_sizes': (64, 32), 'model__learning_rate_init': 0.001}",1.0,1.0,0.6470588235294117,0.875,1.0,0.9044117647058822,0.13748230461788524,12,1.0,1.0,1.0,1.0,1.0,1.0,0.0
0.24678192138671876,0.027680608263778717,0.005971431732177734,0.004462577242556918,0.01,False,"(64, 32)",0.01,"{'model__alpha': 0.01, 'model__early_stopping': False, 'model__hidden_layer_sizes': (64, 32), 'model__learning_rate_init': 0.01}",1.0,1.0,0.7058823529411764,0.875,1.0,0.9161764705882354,0.11575687443620254,6,1.0,1.0,1.0,1.0,1.0,1.0,0.0
1.0202529907226563,0.2626039178564383,0.008790540695190429,0.0049038279069240475,0.01,False,"(128, 64)",0.001,"{'model__alpha': 0.01, 'model__early_stopping': False, 'model__hidden_layer_sizes': (128, 64), 'model__learning_rate_init': 0.001}",1.0,1.0,0.6470588235294117,1.0,1.0,0.9294117647058823,0.14117647058823535,2,1.0,1.0,1.0,1.0,1.0,1.0,0.0
0.2940302848815918,0.08926560240672227,0.003497457504272461,0.003529229589047587,0.01,False,"(128, 64)",0.01,"{'model__alpha': 0.01, 'model__early_stopping': False, 'model__hidden_layer_sizes': (128, 64), 'model__learning_rate_init': 0.01}",1.0,1.0,0.7647058823529411,1.0,1.0,0.9529411764705882,0.09411764705882356,1,1.0,1.0,1.0,1.0,1.0,1.0,0.0
1.0735919952392579,0.14709930306495725,0.00437474250793457,0.0007400881989103673,0.01,False,"(64, 32, 16)",0.001,"{'model__alpha': 0.01, 'model__early_stopping': False, 'model__hidden_layer_sizes': (64, 32, 16), 'model__learning_rate_init': 0.001}",1.0,1.0,0.7058823529411764,0.90625,1.0,0.9224264705882353,0.11419806520640277,4,1.0,1.0,1.0,1.0,1.0,1.0,0.0
0.37708492279052735,0.05627798987189845,0.004722881317138672,0.0009637164852992488,0.01,False,"(64, 32, 16)",0.01,"{'model__alpha': 0.01, 'model__early_stopping': False, 'model__hidden_layer_sizes': (64, 32, 16), 'model__learning_rate_init': 0.01}",1.0,1.0,0.5882352941176471,1.0,1.0,0.9176470588235294,0.16470588235294115,5,1.0,1.0,1.0,1.0,1.0,1.0,0.0
0.6410368919372559,0.2451222811881461,0.0065669059753417965,0.004834130110675149,0.01,False,"(256, 128)",0.001,"{'model__alpha': 0.01, 'model__early_stopping': False, 'model__hidden_layer_sizes': (256, 128), 'model__learning_rate_init': 0.001}",1.0,1.0,0.6470588235294117,0.75,1.0,0.8794117647058822,0.1512348250844993,24,1.0,1.0,1.0,1.0,1.0,1.0,0.0
0.3043986797332764,0.07618047342014807,0.005579042434692383,0.003026279177532845,0.01,False,"(256, 128)",0.01,"{'model__alpha': 0.01, 'model__early_stopping': False, 'model__hidden_layer_sizes': (256, 128), 'model__learning_rate_init': 0.01}",1.0,1.0,0.5294117647058824,1.0,1.0,0.9058823529411765,0.18823529411764706,11,1.0,1.0,1.0,1.0,1.0,1.0,0.0
