epoch,training_loss,validation_score
1,0.49565709630648297,
2,0.15981587519248328,
3,0.05421738078196844,
4,0.027278397309904296,
5,0.010944121982902288,
6,0.005475722563763459,
7,0.0035039738286286592,
8,0.00497051755276819,
9,0.007842873533566793,
10,0.010218597017228603,
11,0.011462758605678877,
12,0.011076520817975203,
13,0.009906706400215626,
14,0.008933012063304583,
15,0.008895433197418848,
16,0.008705546303341785,
17,0.008457014492402474,
18,0.00849545281380415,
19,0.008542651310563087,
20,0.008093919139355421,
21,0.007979435535768667,
22,0.007825576389829317,
