sample_id,metal,observed_removal_pct,observed_outcome
OS,Hg,79.66698687159783,removed
OS,Pb,60.0,removed
OS,As,96.7948717948718,removed
OS,Ni,-83.33333333333331,released
OS,Fe,100.0,removed
OS,Ca,37.16461203770849,removed
OS,Zn,100.0,removed
OS,Mn,-302.3076923076923,released
OS,Cr,0.0,unchanged
SM,Hg,79.66698687159783,removed
SM,Pb,60.0,removed
SM,As,96.7948717948718,removed
SM,Ni,-83.33333333333331,released
SM,Fe,100.0,removed
SM,Ca,37.16461203770849,removed
SM,Zn,100.0,removed
SM,Mn,-302.3076923076923,released
SM,Cr,0.0,unchanged
