feature,importance_mean,importance_std,rank
phylum_unclassified_phylum,0.015079365079365097,0.01790557805187062,1
phylum_Proteobacteria,0.008730158730158739,0.015653240415330193,2
DRS050249,0.0,0.0,3
DRS050252,0.0,0.0,4
DRS050253,0.0,0.0,5
DRS050250,0.0,0.0,6
DRS050251,0.0,0.0,7
DRS050256,0.0,0.0,8
DRS050257,0.0,0.0,9
DRS050258,0.0,0.0,10
DRS050259,0.0,0.0,11
DRS050260,0.0,0.0,12
DRS050261,0.0,0.0,13
DRS050254,0.0,0.0,14
DRS050255,0.0,0.0,15
DRS050264,0.0,0.0,16
DRS050265,0.0,0.0,17
DRS050266,0.0,0.0,18
DRS050267,0.0,0.0,19
DRS050268,0.0,0.0,20
DRS050269,0.0,0.0,21
DRS050271,0.0,0.0,22
DRS050272,0.0,0.0,23
DRS050273,0.0,0.0,24
DRS050274,0.0,0.0,25
