sample_accession,analysis_accession,study_accession,biome,pipeline_version,instrument_platform,instrument_model,taxonomy_source,n_genera,total_counts
DRS050249,MGYA00583655,MGYS00005741,,5.0,LS454,454 GS FLX,otu_table,49,377.0
DRS050250,MGYA00584004,MGYS00005741,,5.0,LS454,454 GS FLX,otu_table,35,538.0
DRS050251,MGYA00584003,MGYS00005741,,5.0,LS454,454 GS FLX,otu_table,44,835.0
DRS050252,MGYA00584002,MGYS00005741,,5.0,LS454,454 GS FLX,otu_table,41,668.0
DRS050253,MGYA00583955,MGYS00005741,,5.0,LS454,454 GS FLX,otu_table,35,464.0
DRS050254,MGYA00583954,MGYS00005741,,5.0,LS454,454 GS FLX,otu_table,29,618.0
DRS050255,MGYA00583951,MGYS00005741,,5.0,LS454,454 GS FLX,otu_table,36,510.0
DRS050256,MGYA00584001,MGYS00005741,,5.0,LS454,454 GS FLX,otu_table,24,215.0
DRS050257,MGYA00584000,MGYS00005741,,5.0,LS454,454 GS FLX,otu_table,25,216.0
DRS050258,MGYA00583950,MGYS00005741,,5.0,LS454,454 GS FLX,otu_table,35,693.0
DRS050259,MGYA00583953,MGYS00005741,,5.0,LS454,454 GS FLX,otu_table,44,961.0
DRS050260,MGYA00583952,MGYS00005741,,5.0,LS454,454 GS FLX,otu_table,35,256.0
DRS050261,MGYA00583999,MGYS00005741,,5.0,LS454,454 GS FLX,otu_table,28,427.0
DRS050262,MGYA00583998,MGYS00005741,,5.0,LS454,454 GS FLX,otu_table,34,552.0
DRS050263,MGYA00583949,MGYS00005741,,5.0,LS454,454 GS FLX,otu_table,33,927.0
DRS050264,MGYA00583997,MGYS00005741,,5.0,LS454,454 GS FLX,otu_table,28,509.0
DRS050265,MGYA00583948,MGYS00005741,,5.0,LS454,454 GS FLX,otu_table,38,879.0
DRS050266,MGYA00583937,MGYS00005741,,5.0,LS454,454 GS FLX,otu_table,35,875.0
DRS050267,MGYA00583996,MGYS00005741,,5.0,LS454,454 GS FLX,otu_table,35,714.0
DRS050268,MGYA00583995,MGYS00005741,,5.0,LS454,454 GS FLX,otu_table,55,3467.0
DRS050269,MGYA00583994,MGYS00005741,,5.0,LS454,454 GS FLX,otu_table,39,634.0
DRS050271,MGYA00583947,MGYS00005741,,5.0,LS454,454 GS FLX,otu_table,30,447.0
DRS050272,MGYA00583993,MGYS00005741,,5.0,LS454,454 GS FLX,otu_table,26,340.0
DRS050273,MGYA00583992,MGYS00005741,,5.0,LS454,454 GS FLX,otu_table,22,212.0
DRS050274,MGYA00583991,MGYS00005741,,5.0,LS454,454 GS FLX,otu_table,39,575.0
DRS050275,MGYA00583946,MGYS00005741,,5.0,LS454,454 GS FLX,otu_table,28,439.0
DRS050276,MGYA00583990,MGYS00005741,,5.0,LS454,454 GS FLX,otu_table,25,474.0
DRS050277,MGYA00583989,MGYS00005741,,5.0,LS454,454 GS FLX,otu_table,27,263.0
DRS050278,MGYA00583988,MGYS00005741,,5.0,LS454,454 GS FLX,otu_table,31,831.0
DRS050279,MGYA00583987,MGYS00005741,,5.0,LS454,454 GS FLX,otu_table,43,1419.0
DRS050283,MGYA00583986,MGYS00005741,,5.0,LS454,454 GS FLX,otu_table,35,948.0
DRS050284,MGYA00583945,MGYS00005741,,5.0,LS454,454 GS FLX,otu_table,27,735.0
DRS050285,MGYA00583985,MGYS00005741,,5.0,LS454,454 GS FLX,otu_table,25,619.0
DRS050286,MGYA00583936,MGYS00005741,,5.0,LS454,454 GS FLX,otu_table,27,584.0
DRS050287,MGYA00583984,MGYS00005741,,5.0,LS454,454 GS FLX,otu_table,28,490.0
DRS050288,MGYA00583944,MGYS00005741,,5.0,LS454,454 GS FLX,otu_table,34,846.0
DRS050289,MGYA00583983,MGYS00005741,,5.0,LS454,454 GS FLX,otu_table,19,305.0
DRS050291,MGYA00583982,MGYS00005741,,5.0,LS454,454 GS FLX,otu_table,26,318.0
DRS050292,MGYA00583970,MGYS00005741,,5.0,LS454,454 GS FLX,otu_table,23,327.0
DRS050293,MGYA00583981,MGYS00005741,,5.0,LS454,454 GS FLX,otu_table,24,416.0
DRS050294,MGYA00583943,MGYS00005741,,5.0,LS454,454 GS FLX,otu_table,25,528.0
DRS050295,MGYA00583980,MGYS00005741,,5.0,LS454,454 GS FLX,otu_table,39,993.0
DRS050296,MGYA00583979,MGYS00005741,,5.0,LS454,454 GS FLX,otu_table,21,632.0
DRS050297,MGYA00583978,MGYS00005741,,5.0,LS454,454 GS FLX,otu_table,31,357.0
DRS050298,MGYA00583969,MGYS00005741,,5.0,LS454,454 GS FLX,otu_table,28,615.0
DRS050300,MGYA00583977,MGYS00005741,,5.0,LS454,454 GS FLX,otu_table,28,897.0
DRS050301,MGYA00583976,MGYS00005741,,5.0,LS454,454 GS FLX,otu_table,26,455.0
DRS050302,MGYA00583968,MGYS00005741,,5.0,LS454,454 GS FLX,otu_table,25,699.0
DRS050303,MGYA00583967,MGYS00005741,,5.0,LS454,454 GS FLX,otu_table,27,826.0
DRS050304,MGYA00583966,MGYS00005741,,5.0,LS454,454 GS FLX,otu_table,29,889.0
DRS050305,MGYA00583975,MGYS00005741,,5.0,LS454,454 GS FLX,otu_table,22,679.0
DRS050306,MGYA00583974,MGYS00005741,,5.0,LS454,454 GS FLX,otu_table,50,5520.0
DRS050307,MGYA00583965,MGYS00005741,,5.0,LS454,454 GS FLX,otu_table,34,882.0
DRS050308,MGYA00583935,MGYS00005741,,5.0,LS454,454 GS FLX,otu_table,21,571.0
DRS050309,MGYA00583973,MGYS00005741,,5.0,LS454,454 GS FLX,otu_table,20,388.0
DRS050311,MGYA00583942,MGYS00005741,,5.0,LS454,454 GS FLX,otu_table,20,439.0
DRS050312,MGYA00583964,MGYS00005741,,5.0,LS454,454 GS FLX,otu_table,19,384.0
DRS050313,MGYA00583972,MGYS00005741,,5.0,LS454,454 GS FLX,otu_table,19,559.0
DRS050314,MGYA00583963,MGYS00005741,,5.0,LS454,454 GS FLX,otu_table,16,247.0
DRS050315,MGYA00583934,MGYS00005741,,5.0,LS454,454 GS FLX,otu_table,19,435.0
DRS050316,MGYA00583971,MGYS00005741,,5.0,LS454,454 GS FLX,otu_table,19,391.0
DRS050317,MGYA00583933,MGYS00005741,,5.0,LS454,454 GS FLX,otu_table,21,624.0
DRS050318,MGYA00583941,MGYS00005741,,5.0,LS454,454 GS FLX,otu_table,24,871.0
DRS050319,MGYA00583962,MGYS00005741,,5.0,LS454,454 GS FLX,otu_table,23,964.0
DRS050320,MGYA00583940,MGYS00005741,,5.0,LS454,454 GS FLX,otu_table,29,536.0
DRS050321,MGYA00583939,MGYS00005741,,5.0,LS454,454 GS FLX,otu_table,20,646.0
DRS050322,MGYA00583932,MGYS00005741,,5.0,LS454,454 GS FLX,otu_table,22,722.0
DRS050323,MGYA00583961,MGYS00005741,,5.0,LS454,454 GS FLX,otu_table,29,1437.0
DRS050324,MGYA00583960,MGYS00005741,,5.0,LS454,454 GS FLX,otu_table,22,744.0
DRS050325,MGYA00583959,MGYS00005741,,5.0,LS454,454 GS FLX,otu_table,21,558.0
DRS050326,MGYA00583958,MGYS00005741,,5.0,LS454,454 GS FLX,otu_table,21,488.0
DRS050327,MGYA00583931,MGYS00005741,,5.0,LS454,454 GS FLX,otu_table,17,194.0
DRS050328,MGYA00583938,MGYS00005741,,5.0,LS454,454 GS FLX,otu_table,17,407.0
DRS050329,MGYA00583957,MGYS00005741,,5.0,LS454,454 GS FLX,otu_table,15,214.0
DRS050330,MGYA00583956,MGYS00005741,,5.0,LS454,454 GS FLX,otu_table,16,179.0
DRS050331,MGYA00583930,MGYS00005741,,5.0,LS454,454 GS FLX,otu_table,20,582.0
SRS2126362,MGYA00361062,MGYS00004472,,4.1,ILLUMINA,Illumina MiSeq,otu_table,343,91588.0
SRS2126363,MGYA00361063,MGYS00004472,,4.1,ILLUMINA,Illumina MiSeq,otu_table,233,128294.0
SRS2126364,MGYA00361064,MGYS00004472,,4.1,ILLUMINA,Illumina MiSeq,otu_table,392,144946.0
SRS2126365,MGYA00361065,MGYS00004472,,4.1,ILLUMINA,Illumina MiSeq,otu_table,344,93602.0
SRS2126366,MGYA00361066,MGYS00004472,,4.1,ILLUMINA,Illumina MiSeq,otu_table,441,81565.0
SRS2126367,MGYA00361067,MGYS00004472,,4.1,ILLUMINA,Illumina MiSeq,otu_table,464,64273.0
SRS2126368,MGYA00361068,MGYS00004472,,4.1,ILLUMINA,Illumina MiSeq,otu_table,387,81374.0
SRS2126369,MGYA00361069,MGYS00004472,,4.1,ILLUMINA,Illumina MiSeq,otu_table,288,49829.0
SRS2126370,MGYA00361070,MGYS00004472,,4.1,ILLUMINA,Illumina MiSeq,otu_table,416,79913.0
SRS2126371,MGYA00361071,MGYS00004472,,4.1,ILLUMINA,Illumina MiSeq,otu_table,366,83857.0
SRS2126372,MGYA00361072,MGYS00004472,,4.1,ILLUMINA,Illumina MiSeq,otu_table,337,58405.0
SRS2126373,MGYA00361073,MGYS00004472,,4.1,ILLUMINA,Illumina MiSeq,otu_table,299,103779.0
SRS2126374,MGYA00361074,MGYS00004472,,4.1,ILLUMINA,Illumina MiSeq,otu_table,279,45569.0
SRS2126375,MGYA00361075,MGYS00004472,,4.1,ILLUMINA,Illumina MiSeq,otu_table,295,62956.0
SRS2126376,MGYA00361076,MGYS00004472,,4.1,ILLUMINA,Illumina MiSeq,otu_table,339,62568.0
SRS2126377,MGYA00361077,MGYS00004472,,4.1,ILLUMINA,Illumina MiSeq,otu_table,273,119780.0
SRS2126378,MGYA00361078,MGYS00004472,,4.1,ILLUMINA,Illumina MiSeq,otu_table,346,72811.0
SRS2126379,MGYA00361079,MGYS00004472,,4.1,ILLUMINA,Illumina MiSeq,otu_table,358,75806.0
SRS2126380,MGYA00361080,MGYS00004472,,4.1,ILLUMINA,Illumina MiSeq,otu_table,334,36001.0
SRS2126381,MGYA00361081,MGYS00004472,,4.1,ILLUMINA,Illumina MiSeq,otu_table,323,37561.0
SRS2126382,MGYA00361082,MGYS00004472,,4.1,ILLUMINA,Illumina MiSeq,otu_table,355,62134.0
SRS2126383,MGYA00361083,MGYS00004472,,4.1,ILLUMINA,Illumina MiSeq,otu_table,308,93753.0
SRS2126384,MGYA00361084,MGYS00004472,,4.1,ILLUMINA,Illumina MiSeq,otu_table,345,92340.0
SRS2126385,MGYA00361085,MGYS00004472,,4.1,ILLUMINA,Illumina MiSeq,otu_table,321,67426.0
SRS2126386,MGYA00361086,MGYS00004472,,4.1,ILLUMINA,Illumina MiSeq,otu_table,356,57196.0
SRS2126387,MGYA00361087,MGYS00004472,,4.1,ILLUMINA,Illumina MiSeq,otu_table,377,60446.0
SRS2126388,MGYA00361088,MGYS00004472,,4.1,ILLUMINA,Illumina MiSeq,otu_table,242,48865.0
SRS2126389,MGYA00361089,MGYS00004472,,4.1,ILLUMINA,Illumina MiSeq,otu_table,247,123171.0
SRS2126390,MGYA00361090,MGYS00004472,,4.1,ILLUMINA,Illumina MiSeq,otu_table,311,74187.0
SRS2126391,MGYA00361091,MGYS00004472,,4.1,ILLUMINA,Illumina MiSeq,otu_table,224,77080.0
SRS2126392,MGYA00361092,MGYS00004472,,4.1,ILLUMINA,Illumina MiSeq,otu_table,372,60758.0
SRS2126393,MGYA00361093,MGYS00004472,,4.1,ILLUMINA,Illumina MiSeq,otu_table,313,84704.0
SRS2126394,MGYA00361094,MGYS00004472,,4.1,ILLUMINA,Illumina MiSeq,otu_table,262,94350.0
SRS2126395,MGYA00361095,MGYS00004472,,4.1,ILLUMINA,Illumina MiSeq,otu_table,388,84509.0
SRS2126396,MGYA00361096,MGYS00004472,,4.1,ILLUMINA,Illumina MiSeq,otu_table,242,27074.0
SRS2126397,MGYA00361097,MGYS00004472,,4.1,ILLUMINA,Illumina MiSeq,otu_table,314,49996.0
SRS2126398,MGYA00361098,MGYS00004472,,4.1,ILLUMINA,Illumina MiSeq,otu_table,380,74749.0
SRS2126399,MGYA00361099,MGYS00004472,,4.1,ILLUMINA,Illumina MiSeq,otu_table,387,59795.0
SRS2126400,MGYA00361100,MGYS00004472,,4.1,ILLUMINA,Illumina MiSeq,otu_table,357,65173.0
SRS2126401,MGYA00361101,MGYS00004472,,4.1,ILLUMINA,Illumina MiSeq,otu_table,249,71001.0
SRS2126402,MGYA00361102,MGYS00004472,,4.1,ILLUMINA,Illumina MiSeq,otu_table,398,80702.0
SRS2126403,MGYA00361103,MGYS00004472,,4.1,ILLUMINA,Illumina MiSeq,otu_table,323,78241.0
SRS2126404,MGYA00361104,MGYS00004472,,4.1,ILLUMINA,Illumina MiSeq,otu_table,292,26817.0
SRS2126405,MGYA00361105,MGYS00004472,,4.1,ILLUMINA,Illumina MiSeq,otu_table,312,53954.0
SRS2126406,MGYA00361106,MGYS00004472,,4.1,ILLUMINA,Illumina MiSeq,otu_table,302,26758.0
SRS2126407,MGYA00361107,MGYS00004472,,4.1,ILLUMINA,Illumina MiSeq,otu_table,329,36116.0
SRS2126408,MGYA00361108,MGYS00004472,,4.1,ILLUMINA,Illumina MiSeq,otu_table,292,41469.0
SRS2126409,MGYA00361109,MGYS00004472,,4.1,ILLUMINA,Illumina MiSeq,otu_table,399,92338.0
SRS2126410,MGYA00361110,MGYS00004472,,4.1,ILLUMINA,Illumina MiSeq,otu_table,340,34471.0
SRS2126411,MGYA00361111,MGYS00004472,,4.1,ILLUMINA,Illumina MiSeq,otu_table,283,39572.0
SRS2126412,MGYA00361112,MGYS00004472,,4.1,ILLUMINA,Illumina MiSeq,otu_table,294,28863.0
SRS2126413,MGYA00361113,MGYS00004472,,4.1,ILLUMINA,Illumina MiSeq,otu_table,282,86506.0
SRS2126414,MGYA00361114,MGYS00004472,,4.1,ILLUMINA,Illumina MiSeq,otu_table,132,15481.0
SRS2126415,MGYA00361115,MGYS00004472,,4.1,ILLUMINA,Illumina MiSeq,otu_table,51,1030.0
SRS3095308,MGYA00362849,MGYS00004521,,4.1,ILLUMINA,Illumina MiSeq,otu_table,321,91286.0
SRS3095309,MGYA00362846,MGYS00004521,,4.1,ILLUMINA,Illumina MiSeq,otu_table,331,215676.0
SRS3095310,MGYA00362847,MGYS00004521,,4.1,ILLUMINA,Illumina MiSeq,otu_table,406,129504.0
SRS3095311,MGYA00362845,MGYS00004521,,4.1,ILLUMINA,Illumina MiSeq,otu_table,354,132551.0
SRS3095312,MGYA00362848,MGYS00004521,,4.1,ILLUMINA,Illumina MiSeq,otu_table,359,63509.0
SRS3095313,MGYA00362844,MGYS00004521,,4.1,ILLUMINA,Illumina MiSeq,otu_table,327,44648.0
SRS3095314,MGYA00362843,MGYS00004521,,4.1,ILLUMINA,Illumina MiSeq,otu_table,386,169582.0
SRS3095315,MGYA00362842,MGYS00004521,,4.1,ILLUMINA,Illumina MiSeq,otu_table,319,79747.0
SRS3095316,MGYA00362841,MGYS00004521,,4.1,ILLUMINA,Illumina MiSeq,otu_table,511,244247.0
SRS3095317,MGYA00362840,MGYS00004521,,4.1,ILLUMINA,Illumina MiSeq,otu_table,390,63195.0
SRS3095318,MGYA00362839,MGYS00004521,,4.1,ILLUMINA,Illumina MiSeq,otu_table,394,55102.0
SRS3095319,MGYA00362838,MGYS00004521,,4.1,ILLUMINA,Illumina MiSeq,otu_table,370,143790.0
SRS3095320,MGYA00362836,MGYS00004521,,4.1,ILLUMINA,Illumina MiSeq,otu_table,429,89684.0
SRS3095321,MGYA00362837,MGYS00004521,,4.1,ILLUMINA,Illumina MiSeq,otu_table,621,219946.0
SRS3095322,MGYA00362835,MGYS00004521,,4.1,ILLUMINA,Illumina MiSeq,otu_table,374,71950.0
SRS3095323,MGYA00362833,MGYS00004521,,4.1,ILLUMINA,Illumina MiSeq,otu_table,312,36481.0
SRS3095324,MGYA00362834,MGYS00004521,,4.1,ILLUMINA,Illumina MiSeq,otu_table,395,78232.0
SRS3095325,MGYA00362832,MGYS00004521,,4.1,ILLUMINA,Illumina MiSeq,otu_table,221,26114.0
SRS3095326,MGYA00362831,MGYS00004521,,4.1,ILLUMINA,Illumina MiSeq,otu_table,461,127441.0
SRS3095327,MGYA00362830,MGYS00004521,,4.1,ILLUMINA,Illumina MiSeq,otu_table,415,124054.0
SRS3095328,MGYA00362829,MGYS00004521,,4.1,ILLUMINA,Illumina MiSeq,otu_table,509,93583.0
SRS3095329,MGYA00362827,MGYS00004521,,4.1,ILLUMINA,Illumina MiSeq,otu_table,377,107319.0
SRS3095330,MGYA00362828,MGYS00004521,,4.1,ILLUMINA,Illumina MiSeq,otu_table,394,79528.0
SRS3095331,MGYA00362826,MGYS00004521,,4.1,ILLUMINA,Illumina MiSeq,otu_table,486,176253.0
SRS3095332,MGYA00362825,MGYS00004521,,4.1,ILLUMINA,Illumina MiSeq,otu_table,456,87722.0
SRS3095333,MGYA00362824,MGYS00004521,,4.1,ILLUMINA,Illumina MiSeq,otu_table,425,91608.0
SRS500632,MGYA00356191,MGYS00004060,,4.1,ILLUMINA,Illumina MiSeq,otu_table,0,0.0
SRS500633,MGYA00356192,MGYS00004060,,4.1,ILLUMINA,Illumina MiSeq,otu_table,2,3.0
SRS500634,MGYA00356193,MGYS00004060,,4.1,ILLUMINA,Illumina MiSeq,otu_table,0,0.0
SRS500635,MGYA00356194,MGYS00004060,,4.1,ILLUMINA,Illumina MiSeq,otu_table,0,0.0
SRS500636,MGYA00356195,MGYS00004060,,4.1,ILLUMINA,Illumina MiSeq,otu_table,0,0.0
SRS500637,MGYA00356196,MGYS00004060,,4.1,ILLUMINA,Illumina MiSeq,otu_table,0,0.0
SRS500638,MGYA00356197,MGYS00004060,,4.1,ILLUMINA,Illumina MiSeq,otu_table,2,8.0
SRS500639,MGYA00356198,MGYS00004060,,4.1,ILLUMINA,Illumina MiSeq,otu_table,0,0.0
SRS523152,MGYA00700366,MGYS00006558,,5.0,LS454,454 GS FLX,otu_table,209,3732.0
SRS526724,MGYA00700364,MGYS00006558,,5.0,LS454,454 GS FLX,otu_table,172,1875.0
SRS526730,MGYA00700363,MGYS00006558,,5.0,LS454,454 GS FLX,otu_table,190,2910.0
SRS526732,MGYA00700362,MGYS00006558,,5.0,LS454,454 GS FLX,otu_table,198,5414.0
SRS6710126,MGYA00571609,MGYS00005617,,5.0,ILLUMINA,Illumina MiSeq,otu_table,227,6567.0
SRS6710127,MGYA00571606,MGYS00005617,,5.0,ILLUMINA,Illumina MiSeq,otu_table,162,3438.0
SRS6710128,MGYA00571641,MGYS00005617,,5.0,ILLUMINA,Illumina MiSeq,otu_table,149,3058.0
SRS6710129,MGYA00571610,MGYS00005617,,5.0,ILLUMINA,Illumina MiSeq,otu_table,185,4285.0
SRS6710130,MGYA00571611,MGYS00005617,,5.0,ILLUMINA,Illumina MiSeq,otu_table,193,5934.0
SRS6710131,MGYA00571643,MGYS00005617,,5.0,ILLUMINA,Illumina MiSeq,otu_table,181,4767.0
SRS6710132,MGYA00571642,MGYS00005617,,5.0,ILLUMINA,Illumina MiSeq,otu_table,182,4738.0
SRS6710133,MGYA00571644,MGYS00005617,,5.0,ILLUMINA,Illumina MiSeq,otu_table,217,6051.0
SRS6710134,MGYA00571612,MGYS00005617,,5.0,ILLUMINA,Illumina MiSeq,otu_table,189,5758.0
SRS6710135,MGYA00571645,MGYS00005617,,5.0,ILLUMINA,Illumina MiSeq,otu_table,189,5442.0
SRS6710136,MGYA00571613,MGYS00005617,,5.0,ILLUMINA,Illumina MiSeq,otu_table,211,6409.0
SRS6710137,MGYA00571614,MGYS00005617,,5.0,ILLUMINA,Illumina MiSeq,otu_table,210,6348.0
SRS6710138,MGYA00571646,MGYS00005617,,5.0,ILLUMINA,Illumina MiSeq,otu_table,174,3408.0
SRS6710139,MGYA00571647,MGYS00005617,,5.0,ILLUMINA,Illumina MiSeq,otu_table,187,5692.0
SRS6710140,MGYA00571615,MGYS00005617,,5.0,ILLUMINA,Illumina MiSeq,otu_table,175,5334.0
SRS6710141,MGYA00571648,MGYS00005617,,5.0,ILLUMINA,Illumina MiSeq,otu_table,214,6603.0
SRS6710142,MGYA00571616,MGYS00005617,,5.0,ILLUMINA,Illumina MiSeq,otu_table,198,5318.0
SRS6710143,MGYA00571617,MGYS00005617,,5.0,ILLUMINA,Illumina MiSeq,otu_table,201,5488.0
SRS6710144,MGYA00571649,MGYS00005617,,5.0,ILLUMINA,Illumina MiSeq,otu_table,182,4846.0
SRS6710145,MGYA00571650,MGYS00005617,,5.0,ILLUMINA,Illumina MiSeq,otu_table,207,6797.0
SRS6710146,MGYA00571652,MGYS00005617,,5.0,ILLUMINA,Illumina MiSeq,otu_table,187,6640.0
SRS6710147,MGYA00571651,MGYS00005617,,5.0,ILLUMINA,Illumina MiSeq,otu_table,196,6165.0
SRS6710148,MGYA00571618,MGYS00005617,,5.0,ILLUMINA,Illumina MiSeq,otu_table,209,5699.0
SRS6710149,MGYA00571653,MGYS00005617,,5.0,ILLUMINA,Illumina MiSeq,otu_table,196,5520.0
SRS6710150,MGYA00571619,MGYS00005617,,5.0,ILLUMINA,Illumina MiSeq,otu_table,193,5269.0
SRS6710151,MGYA00571654,MGYS00005617,,5.0,ILLUMINA,Illumina MiSeq,otu_table,204,6522.0
SRS6710152,MGYA00571655,MGYS00005617,,5.0,ILLUMINA,Illumina MiSeq,otu_table,209,6410.0
SRS6710153,MGYA00571656,MGYS00005617,,5.0,ILLUMINA,Illumina MiSeq,otu_table,192,4840.0
SRS6710154,MGYA00571657,MGYS00005617,,5.0,ILLUMINA,Illumina MiSeq,otu_table,192,5331.0
SRS6710155,MGYA00571658,MGYS00005617,,5.0,ILLUMINA,Illumina MiSeq,otu_table,194,5684.0
SRS6710156,MGYA00571659,MGYS00005617,,5.0,ILLUMINA,Illumina MiSeq,otu_table,246,9479.0
SRS6710157,MGYA00571620,MGYS00005617,,5.0,ILLUMINA,Illumina MiSeq,otu_table,199,9295.0
SRS6710158,MGYA00571621,MGYS00005617,,5.0,ILLUMINA,Illumina MiSeq,otu_table,191,8010.0
SRS6710159,MGYA00571622,MGYS00005617,,5.0,ILLUMINA,Illumina MiSeq,otu_table,184,5746.0
SRS6710160,MGYA00571661,MGYS00005617,,5.0,ILLUMINA,Illumina MiSeq,otu_table,185,6889.0
SRS6710161,MGYA00571660,MGYS00005617,,5.0,ILLUMINA,Illumina MiSeq,otu_table,180,3817.0
SRS6710162,MGYA00571662,MGYS00005617,,5.0,ILLUMINA,Illumina MiSeq,otu_table,189,5333.0
SRS6710163,MGYA00571623,MGYS00005617,,5.0,ILLUMINA,Illumina MiSeq,otu_table,166,4104.0
SRS6710164,MGYA00571624,MGYS00005617,,5.0,ILLUMINA,Illumina MiSeq,otu_table,189,4738.0
SRS6710165,MGYA00571663,MGYS00005617,,5.0,ILLUMINA,Illumina MiSeq,otu_table,182,5232.0
SRS6710166,MGYA00571625,MGYS00005617,,5.0,ILLUMINA,Illumina MiSeq,otu_table,199,6196.0
SRS6710167,MGYA00571664,MGYS00005617,,5.0,ILLUMINA,Illumina MiSeq,otu_table,221,7103.0
SRS6710168,MGYA00571665,MGYS00005617,,5.0,ILLUMINA,Illumina MiSeq,otu_table,222,6692.0
SRS6710169,MGYA00571666,MGYS00005617,,5.0,ILLUMINA,Illumina MiSeq,otu_table,170,3823.0
SRS6710170,MGYA00571667,MGYS00005617,,5.0,ILLUMINA,Illumina MiSeq,otu_table,170,5154.0
SRS6710171,MGYA00571668,MGYS00005617,,5.0,ILLUMINA,Illumina MiSeq,otu_table,174,3120.0
SRS6710172,MGYA00571669,MGYS00005617,,5.0,ILLUMINA,Illumina MiSeq,otu_table,155,4559.0
SRS6710173,MGYA00571670,MGYS00005617,,5.0,ILLUMINA,Illumina MiSeq,otu_table,145,4105.0
SRS6710174,MGYA00571626,MGYS00005617,,5.0,ILLUMINA,Illumina MiSeq,otu_table,179,6119.0
SRS6710175,MGYA00571627,MGYS00005617,,5.0,ILLUMINA,Illumina MiSeq,otu_table,155,7065.0
SRS6710176,MGYA00571671,MGYS00005617,,5.0,ILLUMINA,Illumina MiSeq,otu_table,180,6507.0
SRS6710177,MGYA00571672,MGYS00005617,,5.0,ILLUMINA,Illumina MiSeq,otu_table,151,7715.0
SRS6710178,MGYA00571673,MGYS00005617,,5.0,ILLUMINA,Illumina MiSeq,otu_table,161,6389.0
SRS6710179,MGYA00571674,MGYS00005617,,5.0,ILLUMINA,Illumina MiSeq,otu_table,152,5999.0
SRS6710180,MGYA00571675,MGYS00005617,,5.0,ILLUMINA,Illumina MiSeq,otu_table,160,5047.0
SRS6710181,MGYA00571628,MGYS00005617,,5.0,ILLUMINA,Illumina MiSeq,otu_table,167,5707.0
SRS6710182,MGYA00571629,MGYS00005617,,5.0,ILLUMINA,Illumina MiSeq,otu_table,171,4101.0
SRS6710183,MGYA00571630,MGYS00005617,,5.0,ILLUMINA,Illumina MiSeq,otu_table,165,4517.0
SRS6710184,MGYA00571676,MGYS00005617,,5.0,ILLUMINA,Illumina MiSeq,otu_table,155,3652.0
SRS6710185,MGYA00571677,MGYS00005617,,5.0,ILLUMINA,Illumina MiSeq,otu_table,179,4572.0
SRS6710186,MGYA00571678,MGYS00005617,,5.0,ILLUMINA,Illumina MiSeq,otu_table,168,4228.0
SRS6710187,MGYA00571679,MGYS00005617,,5.0,ILLUMINA,Illumina MiSeq,otu_table,154,3439.0
SRS6710188,MGYA00571631,MGYS00005617,,5.0,ILLUMINA,Illumina MiSeq,otu_table,161,4005.0
SRS6710189,MGYA00571680,MGYS00005617,,5.0,ILLUMINA,Illumina MiSeq,otu_table,162,4243.0
SRS6710190,MGYA00571632,MGYS00005617,,5.0,ILLUMINA,Illumina MiSeq,otu_table,182,9991.0
SRS6710191,MGYA00571681,MGYS00005617,,5.0,ILLUMINA,Illumina MiSeq,otu_table,207,11735.0
SRS6710192,MGYA00571633,MGYS00005617,,5.0,ILLUMINA,Illumina MiSeq,otu_table,190,10619.0
SRS6710193,MGYA00571682,MGYS00005617,,5.0,ILLUMINA,Illumina MiSeq,otu_table,188,4612.0
SRS6710194,MGYA00571634,MGYS00005617,,5.0,ILLUMINA,Illumina MiSeq,otu_table,192,9000.0
SRS6710195,MGYA00571607,MGYS00005617,,5.0,ILLUMINA,Illumina MiSeq,otu_table,187,5785.0
SRS6710196,MGYA00571683,MGYS00005617,,5.0,ILLUMINA,Illumina MiSeq,otu_table,185,5240.0
SRS6710197,MGYA00571684,MGYS00005617,,5.0,ILLUMINA,Illumina MiSeq,otu_table,181,6220.0
SRS6710198,MGYA00571635,MGYS00005617,,5.0,ILLUMINA,Illumina MiSeq,otu_table,181,8212.0
SRS6710199,MGYA00571685,MGYS00005617,,5.0,ILLUMINA,Illumina MiSeq,otu_table,173,4911.0
SRS6710200,MGYA00571687,MGYS00005617,,5.0,ILLUMINA,Illumina MiSeq,otu_table,188,7567.0
SRS6710201,MGYA00571686,MGYS00005617,,5.0,ILLUMINA,Illumina MiSeq,otu_table,206,9391.0
SRS6710202,MGYA00571688,MGYS00005617,,5.0,ILLUMINA,Illumina MiSeq,otu_table,175,5420.0
SRS6710203,MGYA00571608,MGYS00005617,,5.0,ILLUMINA,Illumina MiSeq,otu_table,190,9397.0
SRS6710204,MGYA00571636,MGYS00005617,,5.0,ILLUMINA,Illumina MiSeq,otu_table,156,2810.0
SRS6710205,MGYA00571689,MGYS00005617,,5.0,ILLUMINA,Illumina MiSeq,otu_table,161,5317.0
SRS6710206,MGYA00571690,MGYS00005617,,5.0,ILLUMINA,Illumina MiSeq,otu_table,176,7008.0
SRS6710207,MGYA00571691,MGYS00005617,,5.0,ILLUMINA,Illumina MiSeq,otu_table,189,8298.0
SRS6710208,MGYA00571692,MGYS00005617,,5.0,ILLUMINA,Illumina MiSeq,otu_table,175,6092.0
SRS6710209,MGYA00571693,MGYS00005617,,5.0,ILLUMINA,Illumina MiSeq,otu_table,213,6221.0
SRS6710210,MGYA00571637,MGYS00005617,,5.0,ILLUMINA,Illumina MiSeq,otu_table,190,5741.0
SRS6710211,MGYA00571639,MGYS00005617,,5.0,ILLUMINA,Illumina MiSeq,otu_table,183,6100.0
SRS6710212,MGYA00571638,MGYS00005617,,5.0,ILLUMINA,Illumina MiSeq,otu_table,171,5113.0
SRS6710213,MGYA00571640,MGYS00005617,,5.0,ILLUMINA,Illumina MiSeq,otu_table,180,6379.0
