feature,mean_abs_shap,rank
phylum_unclassified_phylum,0.06862121572548738,1
phylum_Proteobacteria,0.05352894811885956,2
SRS6710213,0.012339703712866823,3
SRS3095313,0.009174986472277422,4
SRS6710198,0.008687499068641637,5
SRS3095323,0.008593373883475522,6
SRS3095330,0.007134125192953093,7
SRS2126375,0.006830892056799091,8
SRS6710183,0.006560470241534625,9
SRS6710138,0.006365909517330565,10
SRS2126378,0.005890999164037118,11
SRS6710210,0.005534748387586206,12
SRS6710201,0.005500089558895295,13
SRS6710167,0.005444467941911403,14
SRS6710180,0.0050537185549740776,15
SRS6710155,0.004802554536939346,16
SRS6710164,0.004132992775762457,17
SRS2126373,0.004068334127115485,18
DRS050327,0.0040460033035008384,19
SRS3095327,0.0039952478457830195,20
SRS3095325,0.0036239214646236256,21
SRS6710150,0.003618738267211256,22
SRS6710154,0.003463984385624926,23
DRS050320,0.00334776642159172,24
SRS6710203,0.0031004312729438583,25
