genus,label,n_features
Acanthopleuribacter,0,255
Acidaminobacter,0,255
Acinetobacter,1,255
Aequorivita,0,255
Alkalibacter,0,255
Aquicella,0,255
Arcobacter,0,255
Arenimonas,0,255
Azospira,0,255
Bdellovibrio,0,255
Blastopirellula,0,255
Bryobacter,0,255
Caldisericum,0,255
Candidatus_Accumulibacter,0,255
Candidatus_Competibacter,0,255
Candidatus_Contendobacter,0,255
Candidatus_Microthrix,0,255
Candidatus_Omnitrophus,0,255
Cetobacterium,0,255
Chitinivorax,0,255
Chryseolinea,0,255
Clostridium,1,255
Comamonas,1,255
Coxiella,0,255
Dechloromonas,0,255
Defluviicoccus,0,255
Denitratisoma,0,255
Desulfatiglans,0,255
Desulfobacca,0,255
Desulfomicrobium,0,255
Desulfosporosinus,0,255
Desulfurivibrio,0,255
Dokdonella,0,255
Ferritrophicum,0,255
Fervidobacterium,0,255
Flavobacterium,1,255
Fluviicoccus,0,255
Fluviicola,0,255
Fonticella,0,255
Fusibacter,0,255
Gallionella,1,255
Geobacter,1,255
Geothrix,0,255
Hahella,0,255
Haliangium,0,255
Haliscomenobacter,0,255
Halomonas,0,255
Hirschia,0,255
Hyphomicrobium,0,255
Lacunisphaera,0,255
Lautropia,0,255
Legionella,0,255
Leptolinea,0,255
Lewinella,0,255
Limnobacter,0,255
Longilinea,0,255
Lysobacter,0,255
Marinobacter,0,255
Marinobacterium,0,255
Massilia,0,255
Membranicola,0,255
Methanobacterium,0,255
Methanoregula,0,255
Methanosarcina,0,255
Moheibacter,0,255
Muricauda,0,255
Mycobacterium,0,255
Nannocystis,0,255
Neochlamydia,0,255
Nitrosomonas,0,255
Nitrospira,1,255
Nocardioides,0,255
Oceanobacter,0,255
Ottowia,0,255
Pajaroellobacter,0,255
Paludibacter,0,255
Paracoccus,0,255
Parvibaculum,0,255
Pelolinea,0,255
Peredibacter,0,255
Phaeodactylibacter,0,255
Phaselicystis,0,255
Phenylobacterium,0,255
Pirellula,0,255
Planctomicrobium,0,255
Plasticicumulans,0,255
Polyangium,0,255
Propionivibrio,0,255
Prosthecobacter,0,255
Pseudomonas,1,255
Rhodoferax,0,255
Rhodopirellula,0,255
Romboutsia,0,255
Roseivirga,0,255
Salinisphaera,0,255
Sandaracinus,0,255
Sedimentibacter,0,255
Smithella,0,255
Sulfuricurvum,0,255
Sulfuriferula,0,255
Sulfuritalea,0,255
Sulfurospirillum,0,255
Syntrophobacter,0,255
Syntrophomonas,0,255
Syntrophorhabdus,0,255
Syntrophus,0,255
Terrimonas,0,255
Tetrasphaera,0,255
Thauera,0,255
Thiobacillus,1,255
Thiothrix,0,255
Turicibacter,0,255
Turneriella,0,255
Zoogloea,1,255
