sample,documented_active_fraction_raw,annotated_fraction_of_community,metal_activity_index,n_annotated_genera
DRS050249,0.17241379310344826,0.17241379310344826,1.0,2
DRS050250,0.1067193675889328,0.1067193675889328,1.0,1
DRS050251,0.08739076154806492,0.08739076154806492,1.0,4
DRS050252,0.06037151702786377,0.06037151702786377,1.0,3
DRS050253,0.07936507936507936,0.07936507936507936,1.0,2
DRS050254,0.060810810810810814,0.060810810810810814,1.0,1
DRS050255,0.07028112449799197,0.07028112449799197,1.0,3
DRS050256,0.10900473933649288,0.10900473933649288,1.0,2
DRS050257,0.06698564593301436,0.06698564593301436,1.0,1
DRS050258,0.10502958579881656,0.10502958579881656,1.0,2
DRS050259,0.069593147751606,0.069593147751606,1.0,4
DRS050260,0.09917355371900827,0.09917355371900827,1.0,3
DRS050261,0.1407766990291262,0.1407766990291262,1.0,3
DRS050262,0.0825515947467167,0.0825515947467167,1.0,1
DRS050263,0.09555555555555556,0.09555555555555556,1.0,3
DRS050264,0.08782435129740519,0.08782435129740519,1.0,2
DRS050265,0.21962616822429906,0.21962616822429906,1.0,3
DRS050266,0.1345707656612529,0.1345707656612529,1.0,4
DRS050267,0.12805755395683455,0.12805755395683455,1.0,2
DRS050268,0.1536848412222888,0.1536848412222888,1.0,3
DRS050269,0.2081967213114754,0.2081967213114754,1.0,3
DRS050271,0.18160377358490565,0.18160377358490565,1.0,3
DRS050272,0.1692307692307692,0.1692307692307692,1.0,2
DRS050273,0.13793103448275862,0.13793103448275862,1.0,1
DRS050274,0.08839779005524863,0.08839779005524863,1.0,2
DRS050275,0.07459207459207459,0.07459207459207459,1.0,3
DRS050276,0.08459869848156183,0.08459869848156183,1.0,2
DRS050277,0.054901960784313725,0.054901960784313725,1.0,2
DRS050278,0.0681265206812652,0.0681265206812652,1.0,2
DRS050279,0.06398274622573688,0.06398274622573688,1.0,3
DRS050283,0.010845986984815618,0.010845986984815618,1.0,3
DRS050284,0.03159340659340659,0.03159340659340659,1.0,2
DRS050285,0.021241830065359478,0.021241830065359478,1.0,1
DRS050286,0.017513134851138354,0.017513134851138354,1.0,1
DRS050287,0.04338842975206612,0.04338842975206612,1.0,2
DRS050288,0.028014616321559074,0.028014616321559074,1.0,2
DRS050289,0.016611295681063124,0.016611295681063124,1.0,1
DRS050291,0.03536977491961415,0.03536977491961415,1.0,2
DRS050292,0.04100946372239748,0.04100946372239748,1.0,2
DRS050293,0.017114914425427872,0.017114914425427872,1.0,3
DRS050294,0.03653846153846154,0.03653846153846154,1.0,3
DRS050295,0.028747433264887063,0.028747433264887063,1.0,4
DRS050296,0.0467741935483871,0.0467741935483871,1.0,1
DRS050297,0.045845272206303724,0.045845272206303724,1.0,2
DRS050298,0.0779436152570481,0.0779436152570481,1.0,1
DRS050300,0.34689265536723163,0.34689265536723163,1.0,3
DRS050301,0.20089285714285712,0.20089285714285712,1.0,4
DRS050302,0.2555066079295154,0.2555066079295154,1.0,4
DRS050303,0.24878048780487805,0.24878048780487805,1.0,4
DRS050304,0.3030998851894374,0.3030998851894374,1.0,5
DRS050305,0.21810089020771511,0.21810089020771511,1.0,3
DRS050306,0.23469950376768978,0.23469950376768978,1.0,4
DRS050307,0.25836216839677045,0.25836216839677045,1.0,4
DRS050308,0.2761061946902655,0.2761061946902655,1.0,4
DRS050309,0.29765013054830286,0.29765013054830286,1.0,2
DRS050311,0.28571428571428575,0.28571428571428575,1.0,3
DRS050312,0.23218997361477572,0.23218997361477572,1.0,2
DRS050313,0.24864864864864866,0.24864864864864866,1.0,4
DRS050314,0.14285714285714285,0.14285714285714285,1.0,1
DRS050315,0.15545243619489557,0.15545243619489557,1.0,2
DRS050316,0.15968586387434555,0.15968586387434555,1.0,2
DRS050317,0.08794788273615635,0.08794788273615635,1.0,2
DRS050318,0.15105386416861827,0.15105386416861827,1.0,3
DRS050319,0.16596638655462187,0.16596638655462187,1.0,3
DRS050320,0.20267686424474188,0.20267686424474188,1.0,3
DRS050321,0.21684867394695787,0.21684867394695787,1.0,2
DRS050322,0.148876404494382,0.148876404494382,1.0,3
DRS050323,0.12651894210150108,0.12651894210150108,1.0,4
DRS050324,0.1111111111111111,0.1111111111111111,1.0,3
DRS050325,0.2372262773722628,0.2372262773722628,1.0,4
DRS050326,0.09513742071881608,0.09513742071881608,1.0,3
DRS050327,0.11578947368421053,0.11578947368421053,1.0,2
DRS050328,0.13350125944584382,0.13350125944584382,1.0,2
DRS050329,0.16267942583732056,0.16267942583732056,1.0,2
DRS050330,0.10344827586206896,0.10344827586206896,1.0,2
DRS050331,0.1284722222222222,0.1284722222222222,1.0,2
SRS2126362,0.0994139934942313,0.09941399349423133,0.9999999999999997,9
SRS2126363,0.8660415003990423,0.8660415003990424,0.9999999999999999,8
SRS2126364,0.17026983919845726,0.17026983919845723,1.0000000000000002,9
SRS2126365,0.06557228677127762,0.06557228677127762,1.0,9
SRS2126366,0.11335302806499262,0.11335302806499262,1.0,8
SRS2126367,0.09932158437914401,0.09932158437914401,1.0,8
SRS2126368,0.033353219473618495,0.03335321947361849,1.0000000000000002,8
SRS2126369,0.2331953434119342,0.23319534341193424,0.9999999999999999,7
SRS2126370,0.023469403245639335,0.023469403245639335,1.0,8
SRS2126371,0.592472263995687,0.5924722639956871,0.9999999999999998,9
SRS2126372,0.2989402822215235,0.2989402822215236,0.9999999999999998,8
SRS2126373,0.5243938614879564,0.5243938614879563,1.0000000000000002,6
SRS2126374,0.5511335947833755,0.5511335947833755,1.0,8
SRS2126375,0.6707488524145876,0.6707488524145874,1.0000000000000002,8
SRS2126376,0.2293838534270772,0.22938385342707718,1.0000000000000002,8
SRS2126377,0.8538168631006346,0.8538168631006346,1.0,9
SRS2126378,0.07384787912770698,0.07384787912770698,1.0,7
SRS2126379,0.05868028746213696,0.05868028746213696,1.0,8
SRS2126380,0.1280133818754305,0.12801338187543046,1.0000000000000002,7
SRS2126381,0.20330161076719333,0.2033016107671933,1.0000000000000002,7
SRS2126382,0.07109297493588905,0.07109297493588905,1.0,8
SRS2126383,0.7090551181102362,0.7090551181102362,1.0,9
SRS2126384,0.49705915748836155,0.49705915748836155,1.0,9
SRS2126385,0.32679001909771144,0.32679001909771144,1.0,8
SRS2126386,0.08272822665267578,0.08272822665267575,1.0000000000000004,9
SRS2126387,0.282696671709531,0.28269667170953106,0.9999999999999998,9
SRS2126388,0.8369994952893673,0.8369994952893676,0.9999999999999998,9
SRS2126389,0.977551003693724,0.9775510036937239,1.0000000000000002,8
SRS2126390,0.3827122400033661,0.38271224000336607,1.0000000000000002,8
SRS2126391,0.28256006737019396,0.28256006737019396,1.0,7
SRS2126392,0.0494991494991495,0.0494991494991495,1.0,7
SRS2126393,0.06706371443837723,0.06706371443837723,1.0,8
SRS2126394,0.16523871811641597,0.16523871811641597,1.0,8
SRS2126395,0.08273852876911872,0.08273852876911872,1.0,8
SRS2126396,0.3822577254572209,0.3822577254572209,1.0,8
SRS2126397,0.45932582240184233,0.45932582240184233,1.0,8
SRS2126398,0.06504201937942963,0.06504201937942963,1.0,8
SRS2126399,0.07484858647832864,0.07484858647832864,1.0,8
SRS2126400,0.05200560518479594,0.05200560518479594,1.0,8
SRS2126401,0.7421669772970751,0.7421669772970751,1.0,8
SRS2126402,0.26308896914890684,0.2630889691489068,1.0000000000000002,9
SRS2126403,0.5881264066266264,0.5881264066266264,1.0,8
SRS2126404,0.1180645719726478,0.1180645719726478,1.0,8
SRS2126405,0.3535390670616985,0.3535390670616985,1.0,8
SRS2126406,0.09686557616741295,0.09686557616741295,1.0,8
SRS2126407,0.08994708994708994,0.08994708994708994,1.0,9
SRS2126408,0.20401187132333456,0.2040118713233346,0.9999999999999999,8
SRS2126409,0.452548927692488,0.452548927692488,1.0,10
SRS2126410,0.21435825599719838,0.21435825599719838,1.0,8
SRS2126411,0.35513297505856417,0.35513297505856417,1.0,8
SRS2126412,0.07001315891322857,0.0700131589132286,0.9999999999999996,7
SRS2126413,0.13396384532503292,0.13396384532503292,1.0,9
SRS2126414,0.17890788555478015,0.17890788555478015,1.0,5
SRS2126415,0.09271523178807947,0.09271523178807947,1.0,4
SRS3095308,0.05822259019660122,0.058222590196601226,0.9999999999999999,8
SRS3095309,0.006615826239081422,0.006615826239081423,0.9999999999999999,7
SRS3095310,0.10996669610461465,0.10996669610461467,0.9999999999999999,6
SRS3095311,0.018993783852557344,0.018993783852557344,1.0,6
SRS3095312,0.031836082192849065,0.031836082192849065,1.0,9
SRS3095313,0.021329541414859578,0.021329541414859578,1.0,9
SRS3095314,0.10548096001739557,0.10548096001739556,1.0000000000000002,8
SRS3095315,0.02925871643516962,0.029258716435169627,0.9999999999999998,7
SRS3095316,0.0412560297831451,0.0412560297831451,1.0,8
SRS3095317,0.07965452703514828,0.07965452703514828,1.0,7
SRS3095318,0.23475021619104636,0.23475021619104633,1.0000000000000002,9
SRS3095319,0.6712486419057584,0.6712486419057583,1.0000000000000002,8
SRS3095320,0.18674338257297532,0.18674338257297532,1.0,8
SRS3095321,0.19861892975916923,0.19861892975916923,1.0,10
SRS3095322,0.16771466498986937,0.16771466498986934,1.0000000000000002,8
SRS3095323,0.3879835390946502,0.3879835390946502,1.0,7
SRS3095324,0.23333056409404335,0.23333056409404337,0.9999999999999999,7
SRS3095325,0.3620210487949337,0.3620210487949337,1.0,6
SRS3095326,0.3998073322004178,0.3998073322004178,1.0,8
SRS3095327,0.5249929012378138,0.5249929012378138,1.0,7
SRS3095328,0.45033343153271377,0.45033343153271377,1.0,10
SRS3095329,0.48514866322982864,0.4851486632298286,1.0000000000000002,8
SRS3095330,0.3936858335527058,0.3936858335527058,1.0,7
SRS3095331,0.32508671314262166,0.32508671314262166,1.0,10
SRS3095332,0.2742610338777163,0.2742610338777163,1.0,8
SRS3095333,0.14670179167477437,0.14670179167477437,1.0,9
SRS523152,0.13145869947275923,0.13145869947275923,1.0,7
SRS526724,0.26440677966101694,0.26440677966101694,1.0,6
SRS526730,0.20733427362482368,0.20733427362482368,1.0,5
SRS526732,0.13414066138798325,0.13414066138798322,1.0000000000000002,6
SRS6710126,0.04377043225572103,0.04377043225572103,1.0,10
SRS6710127,0.18427672955974841,0.18427672955974841,1.0,7
SRS6710128,0.36951909476661954,0.36951909476661954,1.0,8
SRS6710129,0.14028868067865283,0.14028868067865283,1.0,8
SRS6710130,0.11105101856859564,0.11105101856859564,1.0,8
SRS6710131,0.10206865196635599,0.10206865196635599,1.0,8
SRS6710132,0.11390093585939282,0.11390093585939282,1.0,8
SRS6710133,0.05145333092615996,0.05145333092615996,1.0,9
SRS6710134,0.061980347694633404,0.061980347694633404,1.0,7
SRS6710135,0.055666003976143144,0.05566600397614315,0.9999999999999999,8
SRS6710136,0.0718613261528105,0.0718613261528105,1.0,9
SRS6710137,0.06376068376068375,0.06376068376068376,0.9999999999999998,9
SRS6710138,0.1653290529695024,0.16532905296950243,0.9999999999999998,10
SRS6710139,0.06039488966318235,0.060394889663182336,1.0000000000000002,7
SRS6710140,0.042153589315525875,0.04215358931552588,0.9999999999999999,8
SRS6710141,0.04957264957264958,0.04957264957264957,1.0000000000000002,9
SRS6710142,0.0560081466395112,0.0560081466395112,1.0,9
SRS6710143,0.04144869215291751,0.0414486921529175,1.0000000000000002,9
SRS6710144,0.050337078651685394,0.050337078651685394,1.0,8
SRS6710145,0.04108295293562097,0.04108295293562097,1.0,8
SRS6710146,0.04416706673067691,0.04416706673067691,1.0,7
SRS6710147,0.04961158192090396,0.04961158192090395,1.0000000000000002,7
SRS6710148,0.04719535783365571,0.04719535783365571,1.0,8
SRS6710149,0.04524797470855562,0.04524797470855562,1.0,8
SRS6710150,0.06519039735099338,0.06519039735099337,1.0000000000000002,10
SRS6710151,0.04401881720430108,0.04401881720430108,1.0,8
SRS6710152,0.03504316912138141,0.03504316912138141,1.0,7
SRS6710153,0.05108820160366552,0.05108820160366553,0.9999999999999999,7
SRS6710154,0.04140192662430826,0.04140192662430826,1.0,9
SRS6710155,0.03656379005307647,0.03656379005307647,1.0,10
SRS6710156,0.0315875043548949,0.0315875043548949,1.0,9
SRS6710157,0.3354132328702613,0.3354132328702613,1.0,9
SRS6710158,0.026728239574587177,0.02672823957458718,0.9999999999999999,8
SRS6710159,0.02661969074182815,0.026619690741828145,1.0000000000000002,8
SRS6710160,0.0227644939403865,0.022764493940386505,0.9999999999999999,8
SRS6710161,0.14866401364411597,0.148664013644116,0.9999999999999998,9
SRS6710162,0.01818181818181818,0.01818181818181818,1.0,9
SRS6710163,0.02467462039045553,0.024674620390455534,0.9999999999999999,7
SRS6710164,0.024638711205875387,0.024638711205875387,1.0,9
SRS6710165,0.026652675760755508,0.026652675760755508,1.0,9
SRS6710166,0.0196078431372549,0.0196078431372549,1.0,7
SRS6710167,0.017062073448163795,0.017062073448163795,1.0,10
SRS6710168,0.02457782979434877,0.02457782979434877,1.0,8
SRS6710169,0.030930760499432462,0.030930760499432462,1.0,7
SRS6710170,0.03532552885602793,0.03532552885602793,1.0,7
SRS6710171,0.18518518518518517,0.18518518518518517,1.0,8
SRS6710172,0.023100023100023098,0.0231000231000231,0.9999999999999999,8
SRS6710173,0.01990303648890023,0.019903036488900232,0.9999999999999998,5
SRS6710174,0.020062262193012798,0.020062262193012798,1.0,7
SRS6710175,0.013966480446927373,0.013966480446927375,0.9999999999999999,7
SRS6710176,0.013339762134361942,0.013339762134361942,1.0,6
SRS6710177,0.008387698042870456,0.008387698042870456,1.0,6
SRS6710178,0.009729203826820172,0.009729203826820172,1.0,6
SRS6710179,0.015232819802665745,0.015232819802665745,1.0,7
SRS6710180,0.01839080459770115,0.01839080459770115,1.0,8
SRS6710181,0.018074511250461084,0.018074511250461084,1.0,7
SRS6710182,0.14065762004175364,0.14065762004175367,0.9999999999999998,9
SRS6710183,0.015551366635249765,0.015551366635249765,1.0,9
SRS6710184,0.033549146556798116,0.033549146556798116,1.0,7
SRS6710185,0.02156586966713549,0.02156586966713549,1.0,8
SRS6710186,0.019842279318239633,0.019842279318239637,0.9999999999999998,9
SRS6710187,0.01677018633540373,0.016770186335403725,1.0000000000000002,7
SRS6710188,0.012266666666666667,0.012266666666666665,1.0000000000000002,7
SRS6710189,0.015656063618290257,0.01565606361829026,0.9999999999999998,7
SRS6710190,0.015587404540223873,0.015587404540223873,1.0,9
SRS6710191,0.01616341030195382,0.01616341030195382,1.0,9
SRS6710192,0.021405212565652563,0.021405212565652563,1.0,9
SRS6710193,0.41868758915834525,0.4186875891583452,1.0000000000000002,10
SRS6710194,0.014265668849391955,0.014265668849391955,1.0,9
SRS6710195,0.02276482467413255,0.022764824674132548,1.0000000000000002,9
SRS6710196,0.02679658952496955,0.02679658952496955,1.0,8
SRS6710197,0.0943039063844433,0.0943039063844433,1.0,8
SRS6710198,0.009757350109128256,0.009757350109128256,1.0,9
SRS6710199,0.059880239520958084,0.059880239520958084,1.0,7
SRS6710200,0.018513203214695753,0.018513203214695753,1.0,9
SRS6710201,0.012798537310021712,0.012798537310021712,1.0,10
SRS6710202,0.01695906432748538,0.01695906432748538,1.0,7
SRS6710203,0.01607829430269137,0.016078294302691365,1.0000000000000002,9
SRS6710204,0.1411584196394323,0.1411584196394323,1.0,8
SRS6710205,0.020795840831833633,0.020795840831833633,1.0,6
SRS6710206,0.02014541048167222,0.02014541048167222,1.0,8
SRS6710207,0.024878173890741213,0.024878173890741213,1.0,7
SRS6710208,0.029170305676855898,0.029170305676855895,1.0000000000000002,7
SRS6710209,0.024615384615384615,0.02461538461538462,0.9999999999999999,8
SRS6710210,0.020450672221170235,0.02045067222117023,1.0000000000000002,9
SRS6710211,0.02712899748472871,0.02712899748472871,1.0,7
SRS6710212,0.04007798960138648,0.040077989601386484,0.9999999999999998,7
SRS6710213,0.5594334850784016,0.5594334850784016,1.0,7
